session,site,SVC_date,SVC_dive_start,SVC_dive_end
141,BISC-P12a,2014-09-16,1452,1520
141,BISC-P12a,2014-09-16,1452,1520
141,BISC-P12a,2014-09-16,1452,1520
141,BISC-P12a,2014-09-16,1452,1520
141,BISC-P12a,2014-09-16,1452,1520
141,BISC-P12a,2014-09-16,1452,1520
141,BISC-P12a,2014-09-16,1452,1520
141,BISC-P12a,2014-09-16,1452,1520
141,BISC-P12a,2014-09-16,1452,1520
141,BISC-P12a,2014-09-16,1452,1520
141,BISC-P12a,2014-09-16,1452,1520
141,BISC-P12a,2014-09-16,1452,1520
141,BISC-P12a,2014-09-16,1452,1520
142,BISC-P13a,2014-09-16,1322,1345
142,BISC-P13a,2014-09-16,1322,1345
142,BISC-P13a,2014-09-16,1322,1345
142,BISC-P13a,2014-09-16,1322,1345
142,BISC-P13a,2014-09-16,1322,1345
142,BISC-P13a,2014-09-16,1322,1345
142,BISC-P13a,2014-09-16,1322,1345
142,BISC-P13a,2014-09-16,1322,1345
142,BISC-P13a,2014-09-16,1322,1345
142,BISC-P13a,2014-09-16,1322,1345
142,BISC-P13a,2014-09-16,1322,1345
142,BISC-P13a,2014-09-16,1322,1345
143,BISC-W30a,2014-09-16,1140,1220
143,BISC-W30a,2014-09-16,1140,1220
143,BISC-W30a,2014-09-16,1140,1220
143,BISC-W30a,2014-09-16,1140,1220
143,BISC-W30a,2014-09-16,1140,1220
143,BISC-W30a,2014-09-16,1140,1220
143,BISC-W30a,2014-09-16,1140,1220
143,BISC-W30a,2014-09-16,1140,1220
143,BISC-W30a,2014-09-16,1140,1220
143,BISC-W30a,2014-09-16,1140,1220
143,BISC-W30a,2014-09-16,1140,1220
143,BISC-W30a,2014-09-16,1140,1220
143,BISC-W30a,2014-09-16,1140,1220
143,BISC-W30a,2014-09-16,1140,1220
143,BISC-W30a,2014-09-16,1140,1220
144,BISC-W40-b,2014-09-16,1012,1105
144,BISC-W40-b,2014-09-16,1012,1105
144,BISC-W40-b,2014-09-16,1012,1105
144,BISC-W40-b,2014-09-16,1012,1105
144,BISC-W40-b,2014-09-16,1012,1105
144,BISC-W40-b,2014-09-16,1012,1105
144,BISC-W40-b,2014-09-16,1012,1105
144,BISC-W40-b,2014-09-16,1012,1105
144,BISC-W40-b,2014-09-16,1012,1105
144,BISC-W40-b,2014-09-16,1012,1105
144,BISC-W40-b,2014-09-16,1012,1105
144,BISC-W40-b,2014-09-16,1012,1105
144,BISC-W40-b,2014-09-16,1012,1105
144,BISC-W40-b,2014-09-16,1012,1105
144,BISC-W40-b,2014-09-16,1012,1105
144,BISC-W40-b,2014-09-16,1012,1105
144,BISC-W40-b,2014-09-16,1012,1105
144,BISC-W40-b,2014-09-16,1012,1105
144,BISC-W40-b,2014-09-16,1012,1105
144,BISC-W40-b,2014-09-16,1012,1105
144,BISC-W40-b,2014-09-16,1012,1105
144,BISC-W40-b,2014-09-16,1012,1105
144,BISC-W40-b,2014-09-16,1012,1105
144,BISC-W40-b,2014-09-16,1012,1105
144,BISC-W40-b,2014-09-16,1012,1105
144,BISC-W40-b,2014-09-16,1012,1105
144,BISC-W40-b,2014-09-16,1012,1105
144,BISC-W40-b,2014-09-16,1012,1105
144,BISC-W40-b,2014-09-16,1012,1105
144,BISC-W40-b,2014-09-16,1012,1105
145,BISC-P11a,2014-09-17,1555,1615
145,BISC-P11a,2014-09-17,1555,1615
145,BISC-P11a,2014-09-17,1555,1615
145,BISC-P11a,2014-09-17,1555,1615
145,BISC-P11a,2014-09-17,1555,1615
145,BISC-P11a,2014-09-17,1555,1615
145,BISC-P11a,2014-09-17,1555,1615
145,BISC-P11a,2014-09-17,1555,1615
145,BISC-P11a,2014-09-17,1555,1615
145,BISC-P11a,2014-09-17,1555,1615
145,BISC-P11a,2014-09-17,1555,1615
145,BISC-P11a,2014-09-17,1555,1615
145,BISC-P11a,2014-09-17,1555,1615
145,BISC-P11a,2014-09-17,1555,1615
145,BISC-P11a,2014-09-17,1555,1615
145,BISC-P11a,2014-09-17,1555,1615
145,BISC-P11a,2014-09-17,1555,1615
146,BISC-P15a,2014-09-17,1405,1445
146,BISC-P15a,2014-09-17,1405,1445
146,BISC-P15a,2014-09-17,1405,1445
146,BISC-P15a,2014-09-17,1405,1445
146,BISC-P15a,2014-09-17,1405,1445
146,BISC-P15a,2014-09-17,1405,1445
146,BISC-P15a,2014-09-17,1405,1445
146,BISC-P15a,2014-09-17,1405,1445
146,BISC-P15a,2014-09-17,1405,1445
146,BISC-P15a,2014-09-17,1405,1445
146,BISC-P15a,2014-09-17,1405,1445
146,BISC-P15a,2014-09-17,1405,1445
146,BISC-P15a,2014-09-17,1405,1445
146,BISC-P15a,2014-09-17,1405,1445
146,BISC-P15a,2014-09-17,1405,1445
146,BISC-P15a,2014-09-17,1405,1445
146,BISC-P15a,2014-09-17,1405,1445
146,BISC-P15a,2014-09-17,1405,1445
146,BISC-P15a,2014-09-17,1405,1445
146,BISC-P15a,2014-09-17,1405,1445
146,BISC-P15a,2014-09-17,1405,1445
146,BISC-P15a,2014-09-17,1405,1445
146,BISC-P15a,2014-09-17,1405,1445
146,BISC-P15a,2014-09-17,1405,1445
146,BISC-P15a,2014-09-17,1405,1445
146,BISC-P15a,2014-09-17,1405,1445
146,BISC-P15a,2014-09-17,1405,1445
147,BISC-W12,2014-09-17,1020,110
147,BISC-W12,2014-09-17,1020,110
147,BISC-W12,2014-09-17,1020,110
147,BISC-W12,2014-09-17,1020,110
147,BISC-W12,2014-09-17,1020,110
147,BISC-W12,2014-09-17,1020,110
147,BISC-W12,2014-09-17,1020,110
147,BISC-W12,2014-09-17,1020,110
147,BISC-W12,2014-09-17,1020,110
147,BISC-W12,2014-09-17,1020,110
147,BISC-W12,2014-09-17,1020,110
147,BISC-W12,2014-09-17,1020,110
147,BISC-W12,2014-09-17,1020,110
147,BISC-W12,2014-09-17,1020,110
147,BISC-W12,2014-09-17,1020,110
147,BISC-W12,2014-09-17,1020,110
147,BISC-W12,2014-09-17,1020,110
147,BISC-W12,2014-09-17,1020,110
147,BISC-W12,2014-09-17,1020,110
147,BISC-W12,2014-09-17,1020,110
147,BISC-W12,2014-09-17,1020,110
147,BISC-W12,2014-09-17,1020,110
147,BISC-W12,2014-09-17,1020,110
147,BISC-W12,2014-09-17,1020,110
147,BISC-W12,2014-09-17,1020,110
147,BISC-W12,2014-09-17,1020,110
147,BISC-W12,2014-09-17,1020,110
147,BISC-W12,2014-09-17,1020,110
147,BISC-W12,2014-09-17,1020,110
147,BISC-W12,2014-09-17,1020,110
147,BISC-W12,2014-09-17,1020,110
147,BISC-W12,2014-09-17,1020,110
147,BISC-W12,2014-09-17,1020,110
147,BISC-W12,2014-09-17,1020,110
147,BISC-W12,2014-09-17,1020,110
147,BISC-W12,2014-09-17,1020,110
147,BISC-W12,2014-09-17,1020,110
147,BISC-W12,2014-09-17,1020,110
147,BISC-W12,2014-09-17,1020,110
148,BISC-W13,2014-09-17,1225,1305
148,BISC-W13,2014-09-17,1225,1305
148,BISC-W13,2014-09-17,1225,1305
148,BISC-W13,2014-09-17,1225,1305
148,BISC-W13,2014-09-17,1225,1305
148,BISC-W13,2014-09-17,1225,1305
148,BISC-W13,2014-09-17,1225,1305
148,BISC-W13,2014-09-17,1225,1305
148,BISC-W13,2014-09-17,1225,1305
148,BISC-W13,2014-09-17,1225,1305
148,BISC-W13,2014-09-17,1225,1305
148,BISC-W13,2014-09-17,1225,1305
148,BISC-W13,2014-09-17,1225,1305
148,BISC-W13,2014-09-17,1225,1305
148,BISC-W13,2014-09-17,1225,1305
148,BISC-W13,2014-09-17,1225,1305
148,BISC-W13,2014-09-17,1225,1305
148,BISC-W13,2014-09-17,1225,1305
148,BISC-W13,2014-09-17,1225,1305
148,BISC-W13,2014-09-17,1225,1305
148,BISC-W13,2014-09-17,1225,1305
148,BISC-W13,2014-09-17,1225,1305
148,BISC-W13,2014-09-17,1225,1305
148,BISC-W13,2014-09-17,1225,1305
148,BISC-W13,2014-09-17,1225,1305
148,BISC-W13,2014-09-17,1225,1305
148,BISC-W13,2014-09-17,1225,1305
148,BISC-W13,2014-09-17,1225,1305
148,BISC-W13,2014-09-17,1225,1305
148,BISC-W13,2014-09-17,1225,1305
148,BISC-W13,2014-09-17,1225,1305
148,BISC-W13,2014-09-17,1225,1305
148,BISC-W13,2014-09-17,1225,1305
148,BISC-W13,2014-09-17,1225,1305
149,BISC-P7a,2014-09-18,1356,1437
149,BISC-P7a,2014-09-18,1356,1437
149,BISC-P7a,2014-09-18,1356,1437
149,BISC-P7a,2014-09-18,1356,1437
149,BISC-P7a,2014-09-18,1356,1437
149,BISC-P7a,2014-09-18,1356,1437
149,BISC-P7a,2014-09-18,1356,1437
149,BISC-P7a,2014-09-18,1356,1437
149,BISC-P7a,2014-09-18,1356,1437
149,BISC-P7a,2014-09-18,1356,1437
149,BISC-P7a,2014-09-18,1356,1437
149,BISC-P7a,2014-09-18,1356,1437
149,BISC-P7a,2014-09-18,1356,1437
149,BISC-P7a,2014-09-18,1356,1437
149,BISC-P7a,2014-09-18,1356,1437
149,BISC-P7a,2014-09-18,1356,1437
150,BISC-P9a,2014-09-18,1538,1610
150,BISC-P9a,2014-09-18,1538,1610
150,BISC-P9a,2014-09-18,1538,1610
150,BISC-P9a,2014-09-18,1538,1610
150,BISC-P9a,2014-09-18,1538,1610
150,BISC-P9a,2014-09-18,1538,1610
150,BISC-P9a,2014-09-18,1538,1610
150,BISC-P9a,2014-09-18,1538,1610
150,BISC-P9a,2014-09-18,1538,1610
150,BISC-P9a,2014-09-18,1538,1610
150,BISC-P9a,2014-09-18,1538,1610
150,BISC-P9a,2014-09-18,1538,1610
150,BISC-P9a,2014-09-18,1538,1610
150,BISC-P9a,2014-09-18,1538,1610
150,BISC-P9a,2014-09-18,1538,1610
150,BISC-P9a,2014-09-18,1538,1610
150,BISC-P9a,2014-09-18,1538,1610
150,BISC-P9a,2014-09-18,1538,1610
151,BISC-W60-2b,2014-09-18,1228,1307
151,BISC-W60-2b,2014-09-18,1228,1307
151,BISC-W60-2b,2014-09-18,1228,1307
151,BISC-W60-2b,2014-09-18,1228,1307
151,BISC-W60-2b,2014-09-18,1228,1307
151,BISC-W60-2b,2014-09-18,1228,1307
151,BISC-W60-2b,2014-09-18,1228,1307
151,BISC-W60-2b,2014-09-18,1228,1307
151,BISC-W60-2b,2014-09-18,1228,1307
151,BISC-W60-2b,2014-09-18,1228,1307
151,BISC-W60-2b,2014-09-18,1228,1307
151,BISC-W60-2b,2014-09-18,1228,1307
151,BISC-W60-2b,2014-09-18,1228,1307
151,BISC-W60-2b,2014-09-18,1228,1307
151,BISC-W60-2b,2014-09-18,1228,1307
151,BISC-W60-2b,2014-09-18,1228,1307
151,BISC-W60-2b,2014-09-18,1228,1307
151,BISC-W60-2b,2014-09-18,1228,1307
151,BISC-W60-2b,2014-09-18,1228,1307
151,BISC-W60-2b,2014-09-18,1228,1307
151,BISC-W60-2b,2014-09-18,1228,1307
151,BISC-W60-2b,2014-09-18,1228,1307
151,BISC-W60-2b,2014-09-18,1228,1307
151,BISC-W60-2b,2014-09-18,1228,1307
151,BISC-W60-2b,2014-09-18,1228,1307
151,BISC-W60-2b,2014-09-18,1228,1307
151,BISC-W60-2b,2014-09-18,1228,1307
151,BISC-W60-2b,2014-09-18,1228,1307
151,BISC-W60-2b,2014-09-18,1228,1307
151,BISC-W60-2b,2014-09-18,1228,1307
151,BISC-W60-2b,2014-09-18,1228,1307
151,BISC-W60-2b,2014-09-18,1228,1307
151,BISC-W60-2b,2014-09-18,1228,1307
151,BISC-W60-2b,2014-09-18,1228,1307
152,BISC-W60-6d,2014-09-18,1022,1052
152,BISC-W60-6d,2014-09-18,1022,1052
152,BISC-W60-6d,2014-09-18,1022,1052
152,BISC-W60-6d,2014-09-18,1022,1052
152,BISC-W60-6d,2014-09-18,1022,1052
152,BISC-W60-6d,2014-09-18,1022,1052
152,BISC-W60-6d,2014-09-18,1022,1052
152,BISC-W60-6d,2014-09-18,1022,1052
152,BISC-W60-6d,2014-09-18,1022,1052
152,BISC-W60-6d,2014-09-18,1022,1052
152,BISC-W60-6d,2014-09-18,1022,1052
152,BISC-W60-6d,2014-09-18,1022,1052
152,BISC-W60-6d,2014-09-18,1022,1052
152,BISC-W60-6d,2014-09-18,1022,1052
152,BISC-W60-6d,2014-09-18,1022,1052
152,BISC-W60-6d,2014-09-18,1022,1052
152,BISC-W60-6d,2014-09-18,1022,1052
152,BISC-W60-6d,2014-09-18,1022,1052
152,BISC-W60-6d,2014-09-18,1022,1052
152,BISC-W60-6d,2014-09-18,1022,1052
152,BISC-W60-6d,2014-09-18,1022,1052
152,BISC-W60-6d,2014-09-18,1022,1052
152,BISC-W60-6d,2014-09-18,1022,1052
152,BISC-W60-6d,2014-09-18,1022,1052
152,BISC-W60-6d,2014-09-18,1022,1052
152,BISC-W60-6d,2014-09-18,1022,1052
152,BISC-W60-6d,2014-09-18,1022,1052
152,BISC-W60-6d,2014-09-18,1022,1052
152,BISC-W60-6d,2014-09-18,1022,1052
153,BISC-P10a,2014-09-19,1540,1625
153,BISC-P10a,2014-09-19,1540,1625
153,BISC-P10a,2014-09-19,1540,1625
153,BISC-P10a,2014-09-19,1540,1625
153,BISC-P10a,2014-09-19,1540,1625
153,BISC-P10a,2014-09-19,1540,1625
153,BISC-P10a,2014-09-19,1540,1625
153,BISC-P10a,2014-09-19,1540,1625
153,BISC-P10a,2014-09-19,1540,1625
153,BISC-P10a,2014-09-19,1540,1625
153,BISC-P10a,2014-09-19,1540,1625
153,BISC-P10a,2014-09-19,1540,1625
153,BISC-P10a,2014-09-19,1540,1625
153,BISC-P10a,2014-09-19,1540,1625
153,BISC-P10a,2014-09-19,1540,1625
153,BISC-P10a,2014-09-19,1540,1625
153,BISC-P10a,2014-09-19,1540,1625
153,BISC-P10a,2014-09-19,1540,1625
154,BISC-P14a,2014-09-19,1420,1510
154,BISC-P14a,2014-09-19,1420,1510
154,BISC-P14a,2014-09-19,1420,1510
154,BISC-P14a,2014-09-19,1420,1510
154,BISC-P14a,2014-09-19,1420,1510
154,BISC-P14a,2014-09-19,1420,1510
154,BISC-P14a,2014-09-19,1420,1510
154,BISC-P14a,2014-09-19,1420,1510
154,BISC-P14a,2014-09-19,1420,1510
154,BISC-P14a,2014-09-19,1420,1510
154,BISC-P14a,2014-09-19,1420,1510
154,BISC-P14a,2014-09-19,1420,1510
154,BISC-P14a,2014-09-19,1420,1510
154,BISC-P14a,2014-09-19,1420,1510
154,BISC-P14a,2014-09-19,1420,1510
154,BISC-P14a,2014-09-19,1420,1510
155,BISC-W60-11c,2014-09-19,1033,1115
155,BISC-W60-11c,2014-09-19,1033,1115
155,BISC-W60-11c,2014-09-19,1033,1115
155,BISC-W60-11c,2014-09-19,1033,1115
155,BISC-W60-11c,2014-09-19,1033,1115
155,BISC-W60-11c,2014-09-19,1033,1115
155,BISC-W60-11c,2014-09-19,1033,1115
155,BISC-W60-11c,2014-09-19,1033,1115
155,BISC-W60-11c,2014-09-19,1033,1115
155,BISC-W60-11c,2014-09-19,1033,1115
155,BISC-W60-11c,2014-09-19,1033,1115
155,BISC-W60-11c,2014-09-19,1033,1115
155,BISC-W60-11c,2014-09-19,1033,1115
155,BISC-W60-11c,2014-09-19,1033,1115
155,BISC-W60-11c,2014-09-19,1033,1115
155,BISC-W60-11c,2014-09-19,1033,1115
155,BISC-W60-11c,2014-09-19,1033,1115
155,BISC-W60-11c,2014-09-19,1033,1115
155,BISC-W60-11c,2014-09-19,1033,1115
155,BISC-W60-11c,2014-09-19,1033,1115
155,BISC-W60-11c,2014-09-19,1033,1115
155,BISC-W60-11c,2014-09-19,1033,1115
155,BISC-W60-11c,2014-09-19,1033,1115
155,BISC-W60-11c,2014-09-19,1033,1115
155,BISC-W60-11c,2014-09-19,1033,1115
155,BISC-W60-11c,2014-09-19,1033,1115
155,BISC-W60-11c,2014-09-19,1033,1115
156,BISC-W60-4b,2014-09-19,1245,1340
156,BISC-W60-4b,2014-09-19,1245,1340
156,BISC-W60-4b,2014-09-19,1245,1340
156,BISC-W60-4b,2014-09-19,1245,1340
156,BISC-W60-4b,2014-09-19,1245,1340
156,BISC-W60-4b,2014-09-19,1245,1340
156,BISC-W60-4b,2014-09-19,1245,1340
156,BISC-W60-4b,2014-09-19,1245,1340
156,BISC-W60-4b,2014-09-19,1245,1340
156,BISC-W60-4b,2014-09-19,1245,1340
156,BISC-W60-4b,2014-09-19,1245,1340
156,BISC-W60-4b,2014-09-19,1245,1340
156,BISC-W60-4b,2014-09-19,1245,1340
156,BISC-W60-4b,2014-09-19,1245,1340
156,BISC-W60-4b,2014-09-19,1245,1340
156,BISC-W60-4b,2014-09-19,1245,1340
156,BISC-W60-4b,2014-09-19,1245,1340
156,BISC-W60-4b,2014-09-19,1245,1340
156,BISC-W60-4b,2014-09-19,1245,1340
156,BISC-W60-4b,2014-09-19,1245,1340
156,BISC-W60-4b,2014-09-19,1245,1340
156,BISC-W60-4b,2014-09-19,1245,1340
156,BISC-W60-4b,2014-09-19,1245,1340
156,BISC-W60-4b,2014-09-19,1245,1340
156,BISC-W60-4b,2014-09-19,1245,1340
156,BISC-W60-4b,2014-09-19,1245,1340
156,BISC-W60-4b,2014-09-19,1245,1340
156,BISC-W60-4b,2014-09-19,1245,1340
156,BISC-W60-4b,2014-09-19,1245,1340
156,BISC-W60-4b,2014-09-19,1245,1340
156,BISC-W60-4b,2014-09-19,1245,1340
156,BISC-W60-4b,2014-09-19,1245,1340
156,BISC-W60-4b,2014-09-19,1245,1340
156,BISC-W60-4b,2014-09-19,1245,1340
156,BISC-W60-4b,2014-09-19,1245,1340
157,Dixie Ledge,2014-09-22,930,1025
157,Dixie Ledge,2014-09-22,930,1025
157,Dixie Ledge,2014-09-22,930,1025
157,Dixie Ledge,2014-09-22,930,1025
157,Dixie Ledge,2014-09-22,930,1025
157,Dixie Ledge,2014-09-22,930,1025
157,Dixie Ledge,2014-09-22,930,1025
157,Dixie Ledge,2014-09-22,930,1025
157,Dixie Ledge,2014-09-22,930,1025
157,Dixie Ledge,2014-09-22,930,1025
157,Dixie Ledge,2014-09-22,930,1025
157,Dixie Ledge,2014-09-22,930,1025
157,Dixie Ledge,2014-09-22,930,1025
157,Dixie Ledge,2014-09-22,930,1025
157,Dixie Ledge,2014-09-22,930,1025
157,Dixie Ledge,2014-09-22,930,1025
157,Dixie Ledge,2014-09-22,930,1025
157,Dixie Ledge,2014-09-22,930,1025
157,Dixie Ledge,2014-09-22,930,1025
157,Dixie Ledge,2014-09-22,930,1025
157,Dixie Ledge,2014-09-22,930,1025
157,Dixie Ledge,2014-09-22,930,1025
157,Dixie Ledge,2014-09-22,930,1025
157,Dixie Ledge,2014-09-22,930,1025
157,Dixie Ledge,2014-09-22,930,1025
157,Dixie Ledge,2014-09-22,930,1025
157,Dixie Ledge,2014-09-22,930,1025
157,Dixie Ledge,2014-09-22,930,1025
157,Dixie Ledge,2014-09-22,930,1025
157,Dixie Ledge,2014-09-22,930,1025
157,Dixie Ledge,2014-09-22,930,1025
157,Dixie Ledge,2014-09-22,930,1025
157,Dixie Ledge,2014-09-22,930,1025
157,Dixie Ledge,2014-09-22,930,1025
158,KL-P6,2014-09-22,1508,1540
158,KL-P6,2014-09-22,1508,1540
158,KL-P6,2014-09-22,1508,1540
158,KL-P6,2014-09-22,1508,1540
158,KL-P6,2014-09-22,1508,1540
158,KL-P6,2014-09-22,1508,1540
158,KL-P6,2014-09-22,1508,1540
158,KL-P6,2014-09-22,1508,1540
158,KL-P6,2014-09-22,1508,1540
158,KL-P6,2014-09-22,1508,1540
158,KL-P6,2014-09-22,1508,1540
158,KL-P6,2014-09-22,1508,1540
158,KL-P6,2014-09-22,1508,1540
158,KL-P6,2014-09-22,1508,1540
158,KL-P6,2014-09-22,1508,1540
158,KL-P6,2014-09-22,1508,1540
158,KL-P6,2014-09-22,1508,1540
158,KL-P6,2014-09-22,1508,1540
158,KL-P6,2014-09-22,1508,1540
158,KL-P6,2014-09-22,1508,1540
158,KL-P6,2014-09-22,1508,1540
158,KL-P6,2014-09-22,1508,1540
158,KL-P6,2014-09-22,1508,1540
158,KL-P6,2014-09-22,1508,1540
158,KL-P6,2014-09-22,1508,1540
158,KL-P6,2014-09-22,1508,1540
159,KL-P7,2014-09-22,1415,1445
159,KL-P7,2014-09-22,1415,1445
159,KL-P7,2014-09-22,1415,1445
159,KL-P7,2014-09-22,1415,1445
159,KL-P7,2014-09-22,1415,1445
159,KL-P7,2014-09-22,1415,1445
159,KL-P7,2014-09-22,1415,1445
159,KL-P7,2014-09-22,1415,1445
159,KL-P7,2014-09-22,1415,1445
159,KL-P7,2014-09-22,1415,1445
159,KL-P7,2014-09-22,1415,1445
159,KL-P7,2014-09-22,1415,1445
159,KL-P7,2014-09-22,1415,1445
159,KL-P7,2014-09-22,1415,1445
159,KL-P7,2014-09-22,1415,1445
159,KL-P7,2014-09-22,1415,1445
159,KL-P7,2014-09-22,1415,1445
159,KL-P7,2014-09-22,1415,1445
159,KL-P7,2014-09-22,1415,1445
159,KL-P7,2014-09-22,1415,1445
159,KL-P7,2014-09-22,1415,1445
159,KL-P7,2014-09-22,1415,1445
159,KL-P7,2014-09-22,1415,1445
159,KL-P7,2014-09-22,1415,1445
159,KL-P7,2014-09-22,1415,1445
159,KL-P7,2014-09-22,1415,1445
160,KL-P8,2014-09-22,1312,1400
160,KL-P8,2014-09-22,1312,1400
160,KL-P8,2014-09-22,1312,1400
160,KL-P8,2014-09-22,1312,1400
160,KL-P8,2014-09-22,1312,1400
160,KL-P8,2014-09-22,1312,1400
160,KL-P8,2014-09-22,1312,1400
160,KL-P8,2014-09-22,1312,1400
160,KL-P8,2014-09-22,1312,1400
160,KL-P8,2014-09-22,1312,1400
160,KL-P8,2014-09-22,1312,1400
160,KL-P8,2014-09-22,1312,1400
160,KL-P8,2014-09-22,1312,1400
160,KL-P8,2014-09-22,1312,1400
160,KL-P8,2014-09-22,1312,1400
160,KL-P8,2014-09-22,1312,1400
160,KL-P8,2014-09-22,1312,1400
160,KL-P8,2014-09-22,1312,1400
160,KL-P8,2014-09-22,1312,1400
160,KL-P8,2014-09-22,1312,1400
160,KL-P8,2014-09-22,1312,1400
160,KL-P8,2014-09-22,1312,1400
161,KL-W7,2014-09-22,1133,1220
161,KL-W7,2014-09-22,1133,1220
161,KL-W7,2014-09-22,1133,1220
161,KL-W7,2014-09-22,1133,1220
161,KL-W7,2014-09-22,1133,1220
161,KL-W7,2014-09-22,1133,1220
161,KL-W7,2014-09-22,1133,1220
161,KL-W7,2014-09-22,1133,1220
161,KL-W7,2014-09-22,1133,1220
161,KL-W7,2014-09-22,1133,1220
161,KL-W7,2014-09-22,1133,1220
161,KL-W7,2014-09-22,1133,1220
161,KL-W7,2014-09-22,1133,1220
161,KL-W7,2014-09-22,1133,1220
161,KL-W7,2014-09-22,1133,1220
161,KL-W7,2014-09-22,1133,1220
161,KL-W7,2014-09-22,1133,1220
161,KL-W7,2014-09-22,1133,1220
161,KL-W7,2014-09-22,1133,1220
161,KL-W7,2014-09-22,1133,1220
161,KL-W7,2014-09-22,1133,1220
161,KL-W7,2014-09-22,1133,1220
161,KL-W7,2014-09-22,1133,1220
161,KL-W7,2014-09-22,1133,1220
161,KL-W7,2014-09-22,1133,1220
161,KL-W7,2014-09-22,1133,1220
161,KL-W7,2014-09-22,1133,1220
161,KL-W7,2014-09-22,1133,1220
162,DANGER 88,2014-09-24,1312,1330
162,DANGER 88,2014-09-24,1312,1330
162,DANGER 88,2014-09-24,1312,1330
162,DANGER 88,2014-09-24,1312,1330
162,DANGER 88,2014-09-24,1312,1330
162,DANGER 88,2014-09-24,1312,1330
162,DANGER 88,2014-09-24,1312,1330
162,DANGER 88,2014-09-24,1312,1330
162,DANGER 88,2014-09-24,1312,1330
162,DANGER 88,2014-09-24,1312,1330
162,DANGER 88,2014-09-24,1312,1330
162,DANGER 88,2014-09-24,1312,1330
162,DANGER 88,2014-09-24,1312,1330
162,DANGER 88,2014-09-24,1312,1330
162,DANGER 88,2014-09-24,1312,1330
162,DANGER 88,2014-09-24,1312,1330
162,DANGER 88,2014-09-24,1312,1330
163,KL-30,2014-09-24,1430,1510
163,KL-30,2014-09-24,1430,1510
163,KL-30,2014-09-24,1430,1510
163,KL-30,2014-09-24,1430,1510
163,KL-30,2014-09-24,1430,1510
163,KL-30,2014-09-24,1430,1510
163,KL-30,2014-09-24,1430,1510
163,KL-30,2014-09-24,1430,1510
163,KL-30,2014-09-24,1430,1510
163,KL-30,2014-09-24,1430,1510
163,KL-30,2014-09-24,1430,1510
163,KL-30,2014-09-24,1430,1510
163,KL-30,2014-09-24,1430,1510
163,KL-30,2014-09-24,1430,1510
163,KL-30,2014-09-24,1430,1510
163,KL-30,2014-09-24,1430,1510
163,KL-30,2014-09-24,1430,1510
163,KL-30,2014-09-24,1430,1510
164,KL-P4,2014-09-24,1608,1645
164,KL-P4,2014-09-24,1608,1645
164,KL-P4,2014-09-24,1608,1645
164,KL-P4,2014-09-24,1608,1645
164,KL-P4,2014-09-24,1608,1645
164,KL-P4,2014-09-24,1608,1645
164,KL-P4,2014-09-24,1608,1645
164,KL-P4,2014-09-24,1608,1645
164,KL-P4,2014-09-24,1608,1645
164,KL-P4,2014-09-24,1608,1645
164,KL-P4,2014-09-24,1608,1645
164,KL-P4,2014-09-24,1608,1645
164,KL-P4,2014-09-24,1608,1645
164,KL-P4,2014-09-24,1608,1645
164,KL-P4,2014-09-24,1608,1645
164,KL-P4,2014-09-24,1608,1645
164,KL-P4,2014-09-24,1608,1645
164,KL-P4,2014-09-24,1608,1645
164,KL-P4,2014-09-24,1608,1645
164,KL-P4,2014-09-24,1608,1645
164,KL-P4,2014-09-24,1608,1645
164,KL-P4,2014-09-24,1608,1645
164,KL-P4,2014-09-24,1608,1645
164,KL-P4,2014-09-24,1608,1645
164,KL-P4,2014-09-24,1608,1645
165,KL-W2,2014-09-24,950,1030
165,KL-W2,2014-09-24,950,1030
165,KL-W2,2014-09-24,950,1030
165,KL-W2,2014-09-24,950,1030
165,KL-W2,2014-09-24,950,1030
165,KL-W2,2014-09-24,950,1030
165,KL-W2,2014-09-24,950,1030
165,KL-W2,2014-09-24,950,1030
165,KL-W2,2014-09-24,950,1030
165,KL-W2,2014-09-24,950,1030
165,KL-W2,2014-09-24,950,1030
165,KL-W2,2014-09-24,950,1030
165,KL-W2,2014-09-24,950,1030
165,KL-W2,2014-09-24,950,1030
165,KL-W2,2014-09-24,950,1030
165,KL-W2,2014-09-24,950,1030
165,KL-W2,2014-09-24,950,1030
165,KL-W2,2014-09-24,950,1030
165,KL-W2,2014-09-24,950,1030
165,KL-W2,2014-09-24,950,1030
165,KL-W2,2014-09-24,950,1030
165,KL-W2,2014-09-24,950,1030
165,KL-W2,2014-09-24,950,1030
165,KL-W2,2014-09-24,950,1030
165,KL-W2,2014-09-24,950,1030
165,KL-W2,2014-09-24,950,1030
165,KL-W2,2014-09-24,950,1030
165,KL-W2,2014-09-24,950,1030
165,KL-W2,2014-09-24,950,1030
166,KL-W8,2014-09-24,1153,1240
166,KL-W8,2014-09-24,1153,1240
166,KL-W8,2014-09-24,1153,1240
166,KL-W8,2014-09-24,1153,1240
166,KL-W8,2014-09-24,1153,1240
166,KL-W8,2014-09-24,1153,1240
166,KL-W8,2014-09-24,1153,1240
166,KL-W8,2014-09-24,1153,1240
166,KL-W8,2014-09-24,1153,1240
166,KL-W8,2014-09-24,1153,1240
166,KL-W8,2014-09-24,1153,1240
166,KL-W8,2014-09-24,1153,1240
166,KL-W8,2014-09-24,1153,1240
166,KL-W8,2014-09-24,1153,1240
166,KL-W8,2014-09-24,1153,1240
166,KL-W8,2014-09-24,1153,1240
166,KL-W8,2014-09-24,1153,1240
166,KL-W8,2014-09-24,1153,1240
166,KL-W8,2014-09-24,1153,1240
166,KL-W8,2014-09-24,1153,1240
166,KL-W8,2014-09-24,1153,1240
166,KL-W8,2014-09-24,1153,1240
166,KL-W8,2014-09-24,1153,1240
166,KL-W8,2014-09-24,1153,1240
166,KL-W8,2014-09-24,1153,1240
166,KL-W8,2014-09-24,1153,1240
166,KL-W8,2014-09-24,1153,1240
166,KL-W8,2014-09-24,1153,1240
166,KL-W8,2014-09-24,1153,1240
166,KL-W8,2014-09-24,1153,1240
166,KL-W8,2014-09-24,1153,1240
166,KL-W8,2014-09-24,1153,1240
166,KL-W8,2014-09-24,1153,1240
166,KL-W8,2014-09-24,1153,1240
166,KL-W8,2014-09-24,1153,1240
168,KL-P11,2014-09-25,1612,1645
168,KL-P11,2014-09-25,1612,1645
168,KL-P11,2014-09-25,1612,1645
168,KL-P11,2014-09-25,1612,1645
168,KL-P11,2014-09-25,1612,1645
168,KL-P11,2014-09-25,1612,1645
168,KL-P11,2014-09-25,1612,1645
168,KL-P11,2014-09-25,1612,1645
168,KL-P11,2014-09-25,1612,1645
168,KL-P11,2014-09-25,1612,1645
168,KL-P11,2014-09-25,1612,1645
168,KL-P11,2014-09-25,1612,1645
168,KL-P11,2014-09-25,1612,1645
168,KL-P11,2014-09-25,1612,1645
168,KL-P11,2014-09-25,1612,1645
168,KL-P11,2014-09-25,1612,1645
169,KL-P13,2014-09-25,1450,1515
169,KL-P13,2014-09-25,1450,1515
169,KL-P13,2014-09-25,1450,1515
169,KL-P13,2014-09-25,1450,1515
169,KL-P13,2014-09-25,1450,1515
169,KL-P13,2014-09-25,1450,1515
169,KL-P13,2014-09-25,1450,1515
169,KL-P13,2014-09-25,1450,1515
169,KL-P13,2014-09-25,1450,1515
169,KL-P13,2014-09-25,1450,1515
169,KL-P13,2014-09-25,1450,1515
169,KL-P13,2014-09-25,1450,1515
169,KL-P13,2014-09-25,1450,1515
169,KL-P13,2014-09-25,1450,1515
169,KL-P13,2014-09-25,1450,1515
169,KL-P13,2014-09-25,1450,1515
169,KL-P13,2014-09-25,1450,1515
169,KL-P13,2014-09-25,1450,1515
169,KL-P13,2014-09-25,1450,1515
169,KL-P13,2014-09-25,1450,1515
169,KL-P13,2014-09-25,1450,1515
170,KL-P14,2014-09-25,1342,1420
170,KL-P14,2014-09-25,1342,1420
170,KL-P14,2014-09-25,1342,1420
170,KL-P14,2014-09-25,1342,1420
170,KL-P14,2014-09-25,1342,1420
170,KL-P14,2014-09-25,1342,1420
170,KL-P14,2014-09-25,1342,1420
170,KL-P14,2014-09-25,1342,1420
170,KL-P14,2014-09-25,1342,1420
170,KL-P14,2014-09-25,1342,1420
170,KL-P14,2014-09-25,1342,1420
170,KL-P14,2014-09-25,1342,1420
170,KL-P14,2014-09-25,1342,1420
170,KL-P14,2014-09-25,1342,1420
170,KL-P14,2014-09-25,1342,1420
170,KL-P14,2014-09-25,1342,1420
170,KL-P14,2014-09-25,1342,1420
170,KL-P14,2014-09-25,1342,1420
170,KL-P14,2014-09-25,1342,1420
170,KL-P14,2014-09-25,1342,1420
170,KL-P14,2014-09-25,1342,1420
170,KL-P14,2014-09-25,1342,1420
170,KL-P14,2014-09-25,1342,1420
171,KL-W11,2014-09-25,1150,1240
171,KL-W11,2014-09-25,1150,1240
171,KL-W11,2014-09-25,1150,1240
171,KL-W11,2014-09-25,1150,1240
171,KL-W11,2014-09-25,1150,1240
171,KL-W11,2014-09-25,1150,1240
171,KL-W11,2014-09-25,1150,1240
171,KL-W11,2014-09-25,1150,1240
171,KL-W11,2014-09-25,1150,1240
171,KL-W11,2014-09-25,1150,1240
171,KL-W11,2014-09-25,1150,1240
171,KL-W11,2014-09-25,1150,1240
171,KL-W11,2014-09-25,1150,1240
171,KL-W11,2014-09-25,1150,1240
171,KL-W11,2014-09-25,1150,1240
171,KL-W11,2014-09-25,1150,1240
171,KL-W11,2014-09-25,1150,1240
171,KL-W11,2014-09-25,1150,1240
171,KL-W11,2014-09-25,1150,1240
171,KL-W11,2014-09-25,1150,1240
171,KL-W11,2014-09-25,1150,1240
171,KL-W11,2014-09-25,1150,1240
171,KL-W11,2014-09-25,1150,1240
171,KL-W11,2014-09-25,1150,1240
171,KL-W11,2014-09-25,1150,1240
171,KL-W11,2014-09-25,1150,1240
171,KL-W11,2014-09-25,1150,1240
171,KL-W11,2014-09-25,1150,1240
171,KL-W11,2014-09-25,1150,1240
171,KL-W11,2014-09-25,1150,1240
171,KL-W11,2014-09-25,1150,1240
171,KL-W11,2014-09-25,1150,1240
172,KL-W12,2014-09-26,1135,1215
172,KL-W12,2014-09-26,1135,1215
172,KL-W12,2014-09-26,1135,1215
172,KL-W12,2014-09-26,1135,1215
172,KL-W12,2014-09-26,1135,1215
172,KL-W12,2014-09-26,1135,1215
172,KL-W12,2014-09-26,1135,1215
172,KL-W12,2014-09-26,1135,1215
172,KL-W12,2014-09-26,1135,1215
172,KL-W12,2014-09-26,1135,1215
172,KL-W12,2014-09-26,1135,1215
172,KL-W12,2014-09-26,1135,1215
172,KL-W12,2014-09-26,1135,1215
172,KL-W12,2014-09-26,1135,1215
172,KL-W12,2014-09-26,1135,1215
172,KL-W12,2014-09-26,1135,1215
172,KL-W12,2014-09-26,1135,1215
172,KL-W12,2014-09-26,1135,1215
172,KL-W12,2014-09-26,1135,1215
172,KL-W12,2014-09-26,1135,1215
172,KL-W12,2014-09-26,1135,1215
172,KL-W12,2014-09-26,1135,1215
172,KL-W12,2014-09-26,1135,1215
172,KL-W12,2014-09-26,1135,1215
172,KL-W12,2014-09-26,1135,1215
172,KL-W12,2014-09-26,1135,1215
173,KL-W13,2014-09-26,955,1040
173,KL-W13,2014-09-26,955,1040
173,KL-W13,2014-09-26,955,1040
173,KL-W13,2014-09-26,955,1040
173,KL-W13,2014-09-26,955,1040
173,KL-W13,2014-09-26,955,1040
173,KL-W13,2014-09-26,955,1040
173,KL-W13,2014-09-26,955,1040
173,KL-W13,2014-09-26,955,1040
173,KL-W13,2014-09-26,955,1040
173,KL-W13,2014-09-26,955,1040
173,KL-W13,2014-09-26,955,1040
173,KL-W13,2014-09-26,955,1040
173,KL-W13,2014-09-26,955,1040
173,KL-W13,2014-09-26,955,1040
173,KL-W13,2014-09-26,955,1040
173,KL-W13,2014-09-26,955,1040
173,KL-W13,2014-09-26,955,1040
173,KL-W13,2014-09-26,955,1040
173,KL-W13,2014-09-26,955,1040
173,KL-W13,2014-09-26,955,1040
173,KL-W13,2014-09-26,955,1040
173,KL-W13,2014-09-26,955,1040
173,KL-W13,2014-09-26,955,1040
173,KL-W13,2014-09-26,955,1040
173,KL-W13,2014-09-26,955,1040
173,KL-W13,2014-09-26,955,1040
173,KL-W13,2014-09-26,955,1040
173,KL-W13,2014-09-26,955,1040
173,KL-W13,2014-09-26,955,1040
173,KL-W13,2014-09-26,955,1040
173,KL-W13,2014-09-26,955,1040
173,KL-W13,2014-09-26,955,1040
173,KL-W13,2014-09-26,955,1040
173,KL-W13,2014-09-26,955,1040
173,KL-W13,2014-09-26,955,1040
173,KL-W13,2014-09-26,955,1040
173,KL-W13,2014-09-26,955,1040
174,FKSP1,2014-09-28,1630,1710
174,FKSP1,2014-09-28,1630,1710
174,FKSP1,2014-09-28,1630,1710
174,FKSP1,2014-09-28,1630,1710
174,FKSP1,2014-09-28,1630,1710
174,FKSP1,2014-09-28,1630,1710
174,FKSP1,2014-09-28,1630,1710
174,FKSP1,2014-09-28,1630,1710
174,FKSP1,2014-09-28,1630,1710
174,FKSP1,2014-09-28,1630,1710
174,FKSP1,2014-09-28,1630,1710
174,FKSP1,2014-09-28,1630,1710
174,FKSP1,2014-09-28,1630,1710
174,FKSP1,2014-09-28,1630,1710
174,FKSP1,2014-09-28,1630,1710
174,FKSP1,2014-09-28,1630,1710
174,FKSP1,2014-09-28,1630,1710
174,FKSP1,2014-09-28,1630,1710
175,Ten 2A,2014-09-28,1435,1535
175,Ten 2A,2014-09-28,1435,1535
175,Ten 2A,2014-09-28,1435,1535
175,Ten 2A,2014-09-28,1435,1535
175,Ten 2A,2014-09-28,1435,1535
175,Ten 2A,2014-09-28,1435,1535
175,Ten 2A,2014-09-28,1435,1535
175,Ten 2A,2014-09-28,1435,1535
175,Ten 2A,2014-09-28,1435,1535
175,Ten 2A,2014-09-28,1435,1535
175,Ten 2A,2014-09-28,1435,1535
175,Ten 2A,2014-09-28,1435,1535
175,Ten 2A,2014-09-28,1435,1535
175,Ten 2A,2014-09-28,1435,1535
175,Ten 2A,2014-09-28,1435,1535
175,Ten 2A,2014-09-28,1435,1535
175,Ten 2A,2014-09-28,1435,1535
175,Ten 2A,2014-09-28,1435,1535
175,Ten 2A,2014-09-28,1435,1535
175,Ten 2A,2014-09-28,1435,1535
175,Ten 2A,2014-09-28,1435,1535
175,Ten 2A,2014-09-28,1435,1535
175,Ten 2A,2014-09-28,1435,1535
175,Ten 2A,2014-09-28,1435,1535
175,Ten 2A,2014-09-28,1435,1535
175,Ten 2A,2014-09-28,1435,1535
175,Ten 2A,2014-09-28,1435,1535
176,Ten 3A,2014-09-28,1240,1340
176,Ten 3A,2014-09-28,1240,1340
176,Ten 3A,2014-09-28,1240,1340
176,Ten 3A,2014-09-28,1240,1340
176,Ten 3A,2014-09-28,1240,1340
176,Ten 3A,2014-09-28,1240,1340
176,Ten 3A,2014-09-28,1240,1340
176,Ten 3A,2014-09-28,1240,1340
176,Ten 3A,2014-09-28,1240,1340
176,Ten 3A,2014-09-28,1240,1340
176,Ten 3A,2014-09-28,1240,1340
176,Ten 3A,2014-09-28,1240,1340
176,Ten 3A,2014-09-28,1240,1340
176,Ten 3A,2014-09-28,1240,1340
176,Ten 3A,2014-09-28,1240,1340
176,Ten 3A,2014-09-28,1240,1340
176,Ten 3A,2014-09-28,1240,1340
176,Ten 3A,2014-09-28,1240,1340
176,Ten 3A,2014-09-28,1240,1340
176,Ten 3A,2014-09-28,1240,1340
176,Ten 3A,2014-09-28,1240,1340
176,Ten 3A,2014-09-28,1240,1340
176,Ten 3A,2014-09-28,1240,1340
176,Ten 3A,2014-09-28,1240,1340
176,Ten 3A,2014-09-28,1240,1340
176,Ten 3A,2014-09-28,1240,1340
176,Ten 3A,2014-09-28,1240,1340
176,Ten 3A,2014-09-28,1240,1340
176,Ten 3A,2014-09-28,1240,1340
176,Ten 3A,2014-09-28,1240,1340
176,Ten 3A,2014-09-28,1240,1340
176,Ten 3A,2014-09-28,1240,1340
176,Ten 3A,2014-09-28,1240,1340
176,Ten 3A,2014-09-28,1240,1340
177,Ten 5A,2014-09-28,1050,1145
177,Ten 5A,2014-09-28,1050,1145
177,Ten 5A,2014-09-28,1050,1145
177,Ten 5A,2014-09-28,1050,1145
177,Ten 5A,2014-09-28,1050,1145
177,Ten 5A,2014-09-28,1050,1145
177,Ten 5A,2014-09-28,1050,1145
177,Ten 5A,2014-09-28,1050,1145
177,Ten 5A,2014-09-28,1050,1145
177,Ten 5A,2014-09-28,1050,1145
177,Ten 5A,2014-09-28,1050,1145
177,Ten 5A,2014-09-28,1050,1145
177,Ten 5A,2014-09-28,1050,1145
177,Ten 5A,2014-09-28,1050,1145
177,Ten 5A,2014-09-28,1050,1145
177,Ten 5A,2014-09-28,1050,1145
177,Ten 5A,2014-09-28,1050,1145
177,Ten 5A,2014-09-28,1050,1145
177,Ten 5A,2014-09-28,1050,1145
177,Ten 5A,2014-09-28,1050,1145
177,Ten 5A,2014-09-28,1050,1145
177,Ten 5A,2014-09-28,1050,1145
177,Ten 5A,2014-09-28,1050,1145
177,Ten 5A,2014-09-28,1050,1145
177,Ten 5A,2014-09-28,1050,1145
177,Ten 5A,2014-09-28,1050,1145
177,Ten 5A,2014-09-28,1050,1145
177,Ten 5A,2014-09-28,1050,1145
177,Ten 5A,2014-09-28,1050,1145
177,Ten 5A,2014-09-28,1050,1145
177,Ten 5A,2014-09-28,1050,1145
177,Ten 5A,2014-09-28,1050,1145
177,Ten 5A,2014-09-28,1050,1145
177,Ten 5A,2014-09-28,1050,1145
178,Conch 3A,2014-09-14,1008,1045
178,Conch 3A,2014-09-14,1008,1045
178,Conch 3A,2014-09-14,1008,1045
178,Conch 3A,2014-09-14,1008,1045
178,Conch 3A,2014-09-14,1008,1045
178,Conch 3A,2014-09-14,1008,1045
178,Conch 3A,2014-09-14,1008,1045
178,Conch 3A,2014-09-14,1008,1045
178,Conch 3A,2014-09-14,1008,1045
178,Conch 3A,2014-09-14,1008,1045
178,Conch 3A,2014-09-14,1008,1045
178,Conch 3A,2014-09-14,1008,1045
178,Conch 3A,2014-09-14,1008,1045
178,Conch 3A,2014-09-14,1008,1045
178,Conch 3A,2014-09-14,1008,1045
178,Conch 3A,2014-09-14,1008,1045
178,Conch 3A,2014-09-14,1008,1045
178,Conch 3A,2014-09-14,1008,1045
178,Conch 3A,2014-09-14,1008,1045
178,Conch 3A,2014-09-14,1008,1045
178,Conch 3A,2014-09-14,1008,1045
178,Conch 3A,2014-09-14,1008,1045
179,Conch 4B,2014-09-14,1200,
179,Conch 4B,2014-09-14,1200,
179,Conch 4B,2014-09-14,1200,
179,Conch 4B,2014-09-14,1200,
179,Conch 4B,2014-09-14,1200,
179,Conch 4B,2014-09-14,1200,
179,Conch 4B,2014-09-14,1200,
179,Conch 4B,2014-09-14,1200,
179,Conch 4B,2014-09-14,1200,
179,Conch 4B,2014-09-14,1200,
179,Conch 4B,2014-09-14,1200,
179,Conch 4B,2014-09-14,1200,
179,Conch 4B,2014-09-14,1200,
179,Conch 4B,2014-09-14,1200,
179,Conch 4B,2014-09-14,1200,
179,Conch 4B,2014-09-14,1200,
179,Conch 4B,2014-09-14,1200,
179,Conch 4B,2014-09-14,1200,
179,Conch 4B,2014-09-14,1200,
179,Conch 4B,2014-09-14,1200,
179,Conch 4B,2014-09-14,1200,
180,Conch 6A,2014-09-14,1345,
180,Conch 6A,2014-09-14,1345,
180,Conch 6A,2014-09-14,1345,
180,Conch 6A,2014-09-14,1345,
180,Conch 6A,2014-09-14,1345,
180,Conch 6A,2014-09-14,1345,
180,Conch 6A,2014-09-14,1345,
180,Conch 6A,2014-09-14,1345,
180,Conch 6A,2014-09-14,1345,
180,Conch 6A,2014-09-14,1345,
180,Conch 6A,2014-09-14,1345,
180,Conch 6A,2014-09-14,1345,
180,Conch 6A,2014-09-14,1345,
180,Conch 6A,2014-09-14,1345,
180,Conch 6A,2014-09-14,1345,
180,Conch 6A,2014-09-14,1345,
180,Conch 6A,2014-09-14,1345,
180,Conch 6A,2014-09-14,1345,
180,Conch 6A,2014-09-14,1345,
180,Conch 6A,2014-09-14,1345,
180,Conch 6A,2014-09-14,1345,
180,Conch 6A,2014-09-14,1345,
182,KL-P2,2014-09-29,1524,1545
182,KL-P2,2014-09-29,1524,1545
182,KL-P2,2014-09-29,1524,1545
182,KL-P2,2014-09-29,1524,1545
182,KL-P2,2014-09-29,1524,1545
182,KL-P2,2014-09-29,1524,1545
182,KL-P2,2014-09-29,1524,1545
182,KL-P2,2014-09-29,1524,1545
182,KL-P2,2014-09-29,1524,1545
182,KL-P2,2014-09-29,1524,1545
182,KL-P2,2014-09-29,1524,1545
182,KL-P2,2014-09-29,1524,1545
182,KL-P2,2014-09-29,1524,1545
182,KL-P2,2014-09-29,1524,1545
182,KL-P2,2014-09-29,1524,1545
182,KL-P2,2014-09-29,1524,1545
182,KL-P2,2014-09-29,1524,1545
182,KL-P2,2014-09-29,1524,1545
182,KL-P2,2014-09-29,1524,1545
182,KL-P2,2014-09-29,1524,1545
182,KL-P2,2014-09-29,1524,1545
182,KL-P2,2014-09-29,1524,1545
182,KL-P2,2014-09-29,1524,1545
185,BISC-P12a,2015-03-16,1536,1605
185,BISC-P12a,2015-03-16,1536,1605
185,BISC-P12a,2015-03-16,1536,1605
185,BISC-P12a,2015-03-16,1536,1605
185,BISC-P12a,2015-03-16,1536,1605
185,BISC-P12a,2015-03-16,1536,1605
185,BISC-P12a,2015-03-16,1536,1605
185,BISC-P12a,2015-03-16,1536,1605
185,BISC-P12a,2015-03-16,1536,1605
185,BISC-P12a,2015-03-16,1536,1605
185,BISC-P12a,2015-03-16,1536,1605
185,BISC-P12a,2015-03-16,1536,1605
185,BISC-P12a,2015-03-16,1536,1605
185,BISC-P12a,2015-03-16,1536,1605
185,BISC-P12a,2015-03-16,1536,1605
185,BISC-P12a,2015-03-16,1536,1605
185,BISC-P12a,2015-03-16,1536,1605
186,BISC-P13a,2015-03-16,1417,1440
186,BISC-P13a,2015-03-16,1417,1440
186,BISC-P13a,2015-03-16,1417,1440
186,BISC-P13a,2015-03-16,1417,1440
186,BISC-P13a,2015-03-16,1417,1440
186,BISC-P13a,2015-03-16,1417,1440
186,BISC-P13a,2015-03-16,1417,1440
186,BISC-P13a,2015-03-16,1417,1440
186,BISC-P13a,2015-03-16,1417,1440
186,BISC-P13a,2015-03-16,1417,1440
186,BISC-P13a,2015-03-16,1417,1440
186,BISC-P13a,2015-03-16,1417,1440
186,BISC-P13a,2015-03-16,1417,1440
186,BISC-P13a,2015-03-16,1417,1440
186,BISC-P13a,2015-03-16,1417,1440
186,BISC-P13a,2015-03-16,1417,1440
186,BISC-P13a,2015-03-16,1417,1440
187,BISC-W13,2015-03-16,1030,1115
187,BISC-W13,2015-03-16,1030,1115
187,BISC-W13,2015-03-16,1030,1115
187,BISC-W13,2015-03-16,1030,1115
187,BISC-W13,2015-03-16,1030,1115
187,BISC-W13,2015-03-16,1030,1115
187,BISC-W13,2015-03-16,1030,1115
187,BISC-W13,2015-03-16,1030,1115
187,BISC-W13,2015-03-16,1030,1115
187,BISC-W13,2015-03-16,1030,1115
187,BISC-W13,2015-03-16,1030,1115
187,BISC-W13,2015-03-16,1030,1115
187,BISC-W13,2015-03-16,1030,1115
187,BISC-W13,2015-03-16,1030,1115
187,BISC-W13,2015-03-16,1030,1115
187,BISC-W13,2015-03-16,1030,1115
187,BISC-W13,2015-03-16,1030,1115
187,BISC-W13,2015-03-16,1030,1115
187,BISC-W13,2015-03-16,1030,1115
187,BISC-W13,2015-03-16,1030,1115
187,BISC-W13,2015-03-16,1030,1115
187,BISC-W13,2015-03-16,1030,1115
187,BISC-W13,2015-03-16,1030,1115
187,BISC-W13,2015-03-16,1030,1115
187,BISC-W13,2015-03-16,1030,1115
187,BISC-W13,2015-03-16,1030,1115
187,BISC-W13,2015-03-16,1030,1115
187,BISC-W13,2015-03-16,1030,1115
187,BISC-W13,2015-03-16,1030,1115
187,BISC-W13,2015-03-16,1030,1115
187,BISC-W13,2015-03-16,1030,1115
187,BISC-W13,2015-03-16,1030,1115
187,BISC-W13,2015-03-16,1030,1115
187,BISC-W13,2015-03-16,1030,1115
187,BISC-W13,2015-03-16,1030,1115
187,BISC-W13,2015-03-16,1030,1115
188,BISC-W60-4b,2015-03-16,1237,1315
188,BISC-W60-4b,2015-03-16,1237,1315
188,BISC-W60-4b,2015-03-16,1237,1315
188,BISC-W60-4b,2015-03-16,1237,1315
188,BISC-W60-4b,2015-03-16,1237,1315
188,BISC-W60-4b,2015-03-16,1237,1315
188,BISC-W60-4b,2015-03-16,1237,1315
188,BISC-W60-4b,2015-03-16,1237,1315
188,BISC-W60-4b,2015-03-16,1237,1315
188,BISC-W60-4b,2015-03-16,1237,1315
188,BISC-W60-4b,2015-03-16,1237,1315
188,BISC-W60-4b,2015-03-16,1237,1315
188,BISC-W60-4b,2015-03-16,1237,1315
188,BISC-W60-4b,2015-03-16,1237,1315
188,BISC-W60-4b,2015-03-16,1237,1315
188,BISC-W60-4b,2015-03-16,1237,1315
188,BISC-W60-4b,2015-03-16,1237,1315
188,BISC-W60-4b,2015-03-16,1237,1315
188,BISC-W60-4b,2015-03-16,1237,1315
188,BISC-W60-4b,2015-03-16,1237,1315
188,BISC-W60-4b,2015-03-16,1237,1315
188,BISC-W60-4b,2015-03-16,1237,1315
188,BISC-W60-4b,2015-03-16,1237,1315
188,BISC-W60-4b,2015-03-16,1237,1315
188,BISC-W60-4b,2015-03-16,1237,1315
188,BISC-W60-4b,2015-03-16,1237,1315
188,BISC-W60-4b,2015-03-16,1237,1315
188,BISC-W60-4b,2015-03-16,1237,1315
188,BISC-W60-4b,2015-03-16,1237,1315
189,KL-W2,2015-03-17,1602,1645
189,KL-W2,2015-03-17,1602,1645
189,KL-W2,2015-03-17,1602,1645
189,KL-W2,2015-03-17,1602,1645
189,KL-W2,2015-03-17,1602,1645
189,KL-W2,2015-03-17,1602,1645
189,KL-W2,2015-03-17,1602,1645
189,KL-W2,2015-03-17,1602,1645
189,KL-W2,2015-03-17,1602,1645
189,KL-W2,2015-03-17,1602,1645
189,KL-W2,2015-03-17,1602,1645
189,KL-W2,2015-03-17,1602,1645
189,KL-W2,2015-03-17,1602,1645
189,KL-W2,2015-03-17,1602,1645
189,KL-W2,2015-03-17,1602,1645
189,KL-W2,2015-03-17,1602,1645
189,KL-W2,2015-03-17,1602,1645
189,KL-W2,2015-03-17,1602,1645
189,KL-W2,2015-03-17,1602,1645
189,KL-W2,2015-03-17,1602,1645
189,KL-W2,2015-03-17,1602,1645
189,KL-W2,2015-03-17,1602,1645
189,KL-W2,2015-03-17,1602,1645
189,KL-W2,2015-03-17,1602,1645
189,KL-W2,2015-03-17,1602,1645
189,KL-W2,2015-03-17,1602,1645
189,KL-W2,2015-03-17,1602,1645
189,KL-W2,2015-03-17,1602,1645
189,KL-W2,2015-03-17,1602,1645
189,KL-W2,2015-03-17,1602,1645
189,KL-W2,2015-03-17,1602,1645
190,KL-W7,2015-03-17,1358,1445
190,KL-W7,2015-03-17,1358,1445
190,KL-W7,2015-03-17,1358,1445
190,KL-W7,2015-03-17,1358,1445
190,KL-W7,2015-03-17,1358,1445
190,KL-W7,2015-03-17,1358,1445
190,KL-W7,2015-03-17,1358,1445
190,KL-W7,2015-03-17,1358,1445
190,KL-W7,2015-03-17,1358,1445
190,KL-W7,2015-03-17,1358,1445
190,KL-W7,2015-03-17,1358,1445
190,KL-W7,2015-03-17,1358,1445
190,KL-W7,2015-03-17,1358,1445
190,KL-W7,2015-03-17,1358,1445
190,KL-W7,2015-03-17,1358,1445
190,KL-W7,2015-03-17,1358,1445
190,KL-W7,2015-03-17,1358,1445
190,KL-W7,2015-03-17,1358,1445
190,KL-W7,2015-03-17,1358,1445
190,KL-W7,2015-03-17,1358,1445
190,KL-W7,2015-03-17,1358,1445
190,KL-W7,2015-03-17,1358,1445
190,KL-W7,2015-03-17,1358,1445
190,KL-W7,2015-03-17,1358,1445
190,KL-W7,2015-03-17,1358,1445
190,KL-W7,2015-03-17,1358,1445
190,KL-W7,2015-03-17,1358,1445
190,KL-W7,2015-03-17,1358,1445
190,KL-W7,2015-03-17,1358,1445
191,BISC-P14a,2015-03-18,1522,1547
191,BISC-P14a,2015-03-18,1522,1547
191,BISC-P14a,2015-03-18,1522,1547
191,BISC-P14a,2015-03-18,1522,1547
191,BISC-P14a,2015-03-18,1522,1547
191,BISC-P14a,2015-03-18,1522,1547
191,BISC-P14a,2015-03-18,1522,1547
191,BISC-P14a,2015-03-18,1522,1547
191,BISC-P14a,2015-03-18,1522,1547
191,BISC-P14a,2015-03-18,1522,1547
191,BISC-P14a,2015-03-18,1522,1547
191,BISC-P14a,2015-03-18,1522,1547
191,BISC-P14a,2015-03-18,1522,1547
191,BISC-P14a,2015-03-18,1522,1547
191,BISC-P14a,2015-03-18,1522,1547
192,BISC-P15a,2015-03-18,1324,1346
192,BISC-P15a,2015-03-18,1324,1346
192,BISC-P15a,2015-03-18,1324,1346
192,BISC-P15a,2015-03-18,1324,1346
192,BISC-P15a,2015-03-18,1324,1346
192,BISC-P15a,2015-03-18,1324,1346
192,BISC-P15a,2015-03-18,1324,1346
192,BISC-P15a,2015-03-18,1324,1346
192,BISC-P15a,2015-03-18,1324,1346
192,BISC-P15a,2015-03-18,1324,1346
192,BISC-P15a,2015-03-18,1324,1346
192,BISC-P15a,2015-03-18,1324,1346
192,BISC-P15a,2015-03-18,1324,1346
193,BISC-W12,2015-03-18,943,1037
193,BISC-W12,2015-03-18,943,1037
193,BISC-W12,2015-03-18,943,1037
193,BISC-W12,2015-03-18,943,1037
193,BISC-W12,2015-03-18,943,1037
193,BISC-W12,2015-03-18,943,1037
193,BISC-W12,2015-03-18,943,1037
193,BISC-W12,2015-03-18,943,1037
193,BISC-W12,2015-03-18,943,1037
193,BISC-W12,2015-03-18,943,1037
193,BISC-W12,2015-03-18,943,1037
193,BISC-W12,2015-03-18,943,1037
193,BISC-W12,2015-03-18,943,1037
193,BISC-W12,2015-03-18,943,1037
193,BISC-W12,2015-03-18,943,1037
193,BISC-W12,2015-03-18,943,1037
193,BISC-W12,2015-03-18,943,1037
193,BISC-W12,2015-03-18,943,1037
193,BISC-W12,2015-03-18,943,1037
193,BISC-W12,2015-03-18,943,1037
193,BISC-W12,2015-03-18,943,1037
193,BISC-W12,2015-03-18,943,1037
193,BISC-W12,2015-03-18,943,1037
193,BISC-W12,2015-03-18,943,1037
193,BISC-W12,2015-03-18,943,1037
194,BISC-W60-11c,2015-03-18,1152,1240
194,BISC-W60-11c,2015-03-18,1152,1240
194,BISC-W60-11c,2015-03-18,1152,1240
194,BISC-W60-11c,2015-03-18,1152,1240
194,BISC-W60-11c,2015-03-18,1152,1240
194,BISC-W60-11c,2015-03-18,1152,1240
194,BISC-W60-11c,2015-03-18,1152,1240
194,BISC-W60-11c,2015-03-18,1152,1240
194,BISC-W60-11c,2015-03-18,1152,1240
194,BISC-W60-11c,2015-03-18,1152,1240
194,BISC-W60-11c,2015-03-18,1152,1240
194,BISC-W60-11c,2015-03-18,1152,1240
194,BISC-W60-11c,2015-03-18,1152,1240
194,BISC-W60-11c,2015-03-18,1152,1240
194,BISC-W60-11c,2015-03-18,1152,1240
194,BISC-W60-11c,2015-03-18,1152,1240
194,BISC-W60-11c,2015-03-18,1152,1240
194,BISC-W60-11c,2015-03-18,1152,1240
194,BISC-W60-11c,2015-03-18,1152,1240
194,BISC-W60-11c,2015-03-18,1152,1240
194,BISC-W60-11c,2015-03-18,1152,1240
194,BISC-W60-11c,2015-03-18,1152,1240
194,BISC-W60-11c,2015-03-18,1152,1240
194,BISC-W60-11c,2015-03-18,1152,1240
194,BISC-W60-11c,2015-03-18,1152,1240
195,BISC-P10a,2015-03-19,1425,1500
195,BISC-P10a,2015-03-19,1425,1500
195,BISC-P10a,2015-03-19,1425,1500
195,BISC-P10a,2015-03-19,1425,1500
195,BISC-P10a,2015-03-19,1425,1500
195,BISC-P10a,2015-03-19,1425,1500
195,BISC-P10a,2015-03-19,1425,1500
195,BISC-P10a,2015-03-19,1425,1500
195,BISC-P10a,2015-03-19,1425,1500
195,BISC-P10a,2015-03-19,1425,1500
195,BISC-P10a,2015-03-19,1425,1500
195,BISC-P10a,2015-03-19,1425,1500
195,BISC-P10a,2015-03-19,1425,1500
195,BISC-P10a,2015-03-19,1425,1500
195,BISC-P10a,2015-03-19,1425,1500
195,BISC-P10a,2015-03-19,1425,1500
195,BISC-P10a,2015-03-19,1425,1500
195,BISC-P10a,2015-03-19,1425,1500
195,BISC-P10a,2015-03-19,1425,1500
195,BISC-P10a,2015-03-19,1425,1500
195,BISC-P10a,2015-03-19,1425,1500
195,BISC-P10a,2015-03-19,1425,1500
195,BISC-P10a,2015-03-19,1425,1500
195,BISC-P10a,2015-03-19,1425,1500
195,BISC-P10a,2015-03-19,1425,1500
195,BISC-P10a,2015-03-19,1425,1500
195,BISC-P10a,2015-03-19,1425,1500
196,BISC-P11a,2015-03-19,1315,1340
196,BISC-P11a,2015-03-19,1315,1340
196,BISC-P11a,2015-03-19,1315,1340
196,BISC-P11a,2015-03-19,1315,1340
196,BISC-P11a,2015-03-19,1315,1340
196,BISC-P11a,2015-03-19,1315,1340
196,BISC-P11a,2015-03-19,1315,1340
196,BISC-P11a,2015-03-19,1315,1340
196,BISC-P11a,2015-03-19,1315,1340
196,BISC-P11a,2015-03-19,1315,1340
196,BISC-P11a,2015-03-19,1315,1340
197,BISC-W30a,2015-03-19,1150,
197,BISC-W30a,2015-03-19,1150,
197,BISC-W30a,2015-03-19,1150,
197,BISC-W30a,2015-03-19,1150,
197,BISC-W30a,2015-03-19,1150,
197,BISC-W30a,2015-03-19,1150,
197,BISC-W30a,2015-03-19,1150,
197,BISC-W30a,2015-03-19,1150,
197,BISC-W30a,2015-03-19,1150,
197,BISC-W30a,2015-03-19,1150,
197,BISC-W30a,2015-03-19,1150,
197,BISC-W30a,2015-03-19,1150,
197,BISC-W30a,2015-03-19,1150,
197,BISC-W30a,2015-03-19,1150,
197,BISC-W30a,2015-03-19,1150,
197,BISC-W30a,2015-03-19,1150,
197,BISC-W30a,2015-03-19,1150,
197,BISC-W30a,2015-03-19,1150,
197,BISC-W30a,2015-03-19,1150,
198,BISC-W40-b,2015-03-19,1012,1105
198,BISC-W40-b,2015-03-19,1012,1105
198,BISC-W40-b,2015-03-19,1012,1105
198,BISC-W40-b,2015-03-19,1012,1105
198,BISC-W40-b,2015-03-19,1012,1105
198,BISC-W40-b,2015-03-19,1012,1105
198,BISC-W40-b,2015-03-19,1012,1105
198,BISC-W40-b,2015-03-19,1012,1105
198,BISC-W40-b,2015-03-19,1012,1105
198,BISC-W40-b,2015-03-19,1012,1105
198,BISC-W40-b,2015-03-19,1012,1105
198,BISC-W40-b,2015-03-19,1012,1105
198,BISC-W40-b,2015-03-19,1012,1105
198,BISC-W40-b,2015-03-19,1012,1105
198,BISC-W40-b,2015-03-19,1012,1105
198,BISC-W40-b,2015-03-19,1012,1105
198,BISC-W40-b,2015-03-19,1012,1105
198,BISC-W40-b,2015-03-19,1012,1105
198,BISC-W40-b,2015-03-19,1012,1105
198,BISC-W40-b,2015-03-19,1012,1105
198,BISC-W40-b,2015-03-19,1012,1105
198,BISC-W40-b,2015-03-19,1012,1105
198,BISC-W40-b,2015-03-19,1012,1105
198,BISC-W40-b,2015-03-19,1012,1105
198,BISC-W40-b,2015-03-19,1012,1105
198,BISC-W40-b,2015-03-19,1012,1105
198,BISC-W40-b,2015-03-19,1012,1105
198,BISC-W40-b,2015-03-19,1012,1105
198,BISC-W40-b,2015-03-19,1012,1105
198,BISC-W40-b,2015-03-19,1012,1105
198,BISC-W40-b,2015-03-19,1012,1105
198,BISC-W40-b,2015-03-19,1012,1105
199,BISC-P7a,2015-03-20,1346,1410
199,BISC-P7a,2015-03-20,1346,1410
199,BISC-P7a,2015-03-20,1346,1410
199,BISC-P7a,2015-03-20,1346,1410
199,BISC-P7a,2015-03-20,1346,1410
199,BISC-P7a,2015-03-20,1346,1410
199,BISC-P7a,2015-03-20,1346,1410
199,BISC-P7a,2015-03-20,1346,1410
199,BISC-P7a,2015-03-20,1346,1410
199,BISC-P7a,2015-03-20,1346,1410
199,BISC-P7a,2015-03-20,1346,1410
199,BISC-P7a,2015-03-20,1346,1410
199,BISC-P7a,2015-03-20,1346,1410
199,BISC-P7a,2015-03-20,1346,1410
199,BISC-P7a,2015-03-20,1346,1410
200,BISC-P9a,2015-03-20,1457,1535
200,BISC-P9a,2015-03-20,1457,1535
200,BISC-P9a,2015-03-20,1457,1535
200,BISC-P9a,2015-03-20,1457,1535
200,BISC-P9a,2015-03-20,1457,1535
200,BISC-P9a,2015-03-20,1457,1535
200,BISC-P9a,2015-03-20,1457,1535
200,BISC-P9a,2015-03-20,1457,1535
200,BISC-P9a,2015-03-20,1457,1535
200,BISC-P9a,2015-03-20,1457,1535
200,BISC-P9a,2015-03-20,1457,1535
200,BISC-P9a,2015-03-20,1457,1535
200,BISC-P9a,2015-03-20,1457,1535
200,BISC-P9a,2015-03-20,1457,1535
200,BISC-P9a,2015-03-20,1457,1535
200,BISC-P9a,2015-03-20,1457,1535
200,BISC-P9a,2015-03-20,1457,1535
200,BISC-P9a,2015-03-20,1457,1535
200,BISC-P9a,2015-03-20,1457,1535
200,BISC-P9a,2015-03-20,1457,1535
200,BISC-P9a,2015-03-20,1457,1535
200,BISC-P9a,2015-03-20,1457,1535
200,BISC-P9a,2015-03-20,1457,1535
200,BISC-P9a,2015-03-20,1457,1535
200,BISC-P9a,2015-03-20,1457,1535
200,BISC-P9a,2015-03-20,1457,1535
200,BISC-P9a,2015-03-20,1457,1535
201,BISC-W60-2b,2015-03-20,1214,1300
201,BISC-W60-2b,2015-03-20,1214,1300
201,BISC-W60-2b,2015-03-20,1214,1300
201,BISC-W60-2b,2015-03-20,1214,1300
201,BISC-W60-2b,2015-03-20,1214,1300
201,BISC-W60-2b,2015-03-20,1214,1300
201,BISC-W60-2b,2015-03-20,1214,1300
201,BISC-W60-2b,2015-03-20,1214,1300
201,BISC-W60-2b,2015-03-20,1214,1300
201,BISC-W60-2b,2015-03-20,1214,1300
201,BISC-W60-2b,2015-03-20,1214,1300
201,BISC-W60-2b,2015-03-20,1214,1300
201,BISC-W60-2b,2015-03-20,1214,1300
201,BISC-W60-2b,2015-03-20,1214,1300
201,BISC-W60-2b,2015-03-20,1214,1300
201,BISC-W60-2b,2015-03-20,1214,1300
201,BISC-W60-2b,2015-03-20,1214,1300
201,BISC-W60-2b,2015-03-20,1214,1300
201,BISC-W60-2b,2015-03-20,1214,1300
201,BISC-W60-2b,2015-03-20,1214,1300
201,BISC-W60-2b,2015-03-20,1214,1300
201,BISC-W60-2b,2015-03-20,1214,1300
201,BISC-W60-2b,2015-03-20,1214,1300
201,BISC-W60-2b,2015-03-20,1214,1300
201,BISC-W60-2b,2015-03-20,1214,1300
201,BISC-W60-2b,2015-03-20,1214,1300
201,BISC-W60-2b,2015-03-20,1214,1300
201,BISC-W60-2b,2015-03-20,1214,1300
201,BISC-W60-2b,2015-03-20,1214,1300
201,BISC-W60-2b,2015-03-20,1214,1300
202,BISC-W60-6d,2015-03-20,1010,1055
202,BISC-W60-6d,2015-03-20,1010,1055
202,BISC-W60-6d,2015-03-20,1010,1055
202,BISC-W60-6d,2015-03-20,1010,1055
202,BISC-W60-6d,2015-03-20,1010,1055
202,BISC-W60-6d,2015-03-20,1010,1055
202,BISC-W60-6d,2015-03-20,1010,1055
202,BISC-W60-6d,2015-03-20,1010,1055
202,BISC-W60-6d,2015-03-20,1010,1055
202,BISC-W60-6d,2015-03-20,1010,1055
202,BISC-W60-6d,2015-03-20,1010,1055
202,BISC-W60-6d,2015-03-20,1010,1055
202,BISC-W60-6d,2015-03-20,1010,1055
202,BISC-W60-6d,2015-03-20,1010,1055
202,BISC-W60-6d,2015-03-20,1010,1055
202,BISC-W60-6d,2015-03-20,1010,1055
202,BISC-W60-6d,2015-03-20,1010,1055
202,BISC-W60-6d,2015-03-20,1010,1055
202,BISC-W60-6d,2015-03-20,1010,1055
202,BISC-W60-6d,2015-03-20,1010,1055
202,BISC-W60-6d,2015-03-20,1010,1055
202,BISC-W60-6d,2015-03-20,1010,1055
202,BISC-W60-6d,2015-03-20,1010,1055
202,BISC-W60-6d,2015-03-20,1010,1055
202,BISC-W60-6d,2015-03-20,1010,1055
202,BISC-W60-6d,2015-03-20,1010,1055
202,BISC-W60-6d,2015-03-20,1010,1055
202,BISC-W60-6d,2015-03-20,1010,1055
202,BISC-W60-6d,2015-03-20,1010,1055
202,BISC-W60-6d,2015-03-20,1010,1055
202,BISC-W60-6d,2015-03-20,1010,1055
202,BISC-W60-6d,2015-03-20,1010,1055
203,FKSP1,2015-03-22,1706,1737
203,FKSP1,2015-03-22,1706,1737
203,FKSP1,2015-03-22,1706,1737
203,FKSP1,2015-03-22,1706,1737
203,FKSP1,2015-03-22,1706,1737
203,FKSP1,2015-03-22,1706,1737
203,FKSP1,2015-03-22,1706,1737
203,FKSP1,2015-03-22,1706,1737
203,FKSP1,2015-03-22,1706,1737
203,FKSP1,2015-03-22,1706,1737
203,FKSP1,2015-03-22,1706,1737
203,FKSP1,2015-03-22,1706,1737
203,FKSP1,2015-03-22,1706,1737
203,FKSP1,2015-03-22,1706,1737
203,FKSP1,2015-03-22,1706,1737
204,Ten 2A,2015-03-22,1047,1145
204,Ten 2A,2015-03-22,1047,1145
204,Ten 2A,2015-03-22,1047,1145
204,Ten 2A,2015-03-22,1047,1145
204,Ten 2A,2015-03-22,1047,1145
204,Ten 2A,2015-03-22,1047,1145
204,Ten 2A,2015-03-22,1047,1145
204,Ten 2A,2015-03-22,1047,1145
204,Ten 2A,2015-03-22,1047,1145
204,Ten 2A,2015-03-22,1047,1145
204,Ten 2A,2015-03-22,1047,1145
204,Ten 2A,2015-03-22,1047,1145
204,Ten 2A,2015-03-22,1047,1145
204,Ten 2A,2015-03-22,1047,1145
204,Ten 2A,2015-03-22,1047,1145
204,Ten 2A,2015-03-22,1047,1145
204,Ten 2A,2015-03-22,1047,1145
204,Ten 2A,2015-03-22,1047,1145
204,Ten 2A,2015-03-22,1047,1145
204,Ten 2A,2015-03-22,1047,1145
204,Ten 2A,2015-03-22,1047,1145
204,Ten 2A,2015-03-22,1047,1145
204,Ten 2A,2015-03-22,1047,1145
204,Ten 2A,2015-03-22,1047,1145
204,Ten 2A,2015-03-22,1047,1145
204,Ten 2A,2015-03-22,1047,1145
204,Ten 2A,2015-03-22,1047,1145
204,Ten 2A,2015-03-22,1047,1145
204,Ten 2A,2015-03-22,1047,1145
204,Ten 2A,2015-03-22,1047,1145
204,Ten 2A,2015-03-22,1047,1145
204,Ten 2A,2015-03-22,1047,1145
204,Ten 2A,2015-03-22,1047,1145
204,Ten 2A,2015-03-22,1047,1145
204,Ten 2A,2015-03-22,1047,1145
205,Ten 3A,2015-03-22,1302,1350
205,Ten 3A,2015-03-22,1302,1350
205,Ten 3A,2015-03-22,1302,1350
205,Ten 3A,2015-03-22,1302,1350
205,Ten 3A,2015-03-22,1302,1350
205,Ten 3A,2015-03-22,1302,1350
205,Ten 3A,2015-03-22,1302,1350
205,Ten 3A,2015-03-22,1302,1350
205,Ten 3A,2015-03-22,1302,1350
205,Ten 3A,2015-03-22,1302,1350
205,Ten 3A,2015-03-22,1302,1350
205,Ten 3A,2015-03-22,1302,1350
205,Ten 3A,2015-03-22,1302,1350
205,Ten 3A,2015-03-22,1302,1350
205,Ten 3A,2015-03-22,1302,1350
205,Ten 3A,2015-03-22,1302,1350
205,Ten 3A,2015-03-22,1302,1350
205,Ten 3A,2015-03-22,1302,1350
205,Ten 3A,2015-03-22,1302,1350
205,Ten 3A,2015-03-22,1302,1350
205,Ten 3A,2015-03-22,1302,1350
205,Ten 3A,2015-03-22,1302,1350
205,Ten 3A,2015-03-22,1302,1350
205,Ten 3A,2015-03-22,1302,1350
205,Ten 3A,2015-03-22,1302,1350
205,Ten 3A,2015-03-22,1302,1350
205,Ten 3A,2015-03-22,1302,1350
205,Ten 3A,2015-03-22,1302,1350
205,Ten 3A,2015-03-22,1302,1350
205,Ten 3A,2015-03-22,1302,1350
205,Ten 3A,2015-03-22,1302,1350
205,Ten 3A,2015-03-22,1302,1350
206,Ten 5A,2015-03-22,1515,1618
206,Ten 5A,2015-03-22,1515,1618
206,Ten 5A,2015-03-22,1515,1618
206,Ten 5A,2015-03-22,1515,1618
206,Ten 5A,2015-03-22,1515,1618
206,Ten 5A,2015-03-22,1515,1618
206,Ten 5A,2015-03-22,1515,1618
206,Ten 5A,2015-03-22,1515,1618
206,Ten 5A,2015-03-22,1515,1618
206,Ten 5A,2015-03-22,1515,1618
206,Ten 5A,2015-03-22,1515,1618
206,Ten 5A,2015-03-22,1515,1618
206,Ten 5A,2015-03-22,1515,1618
206,Ten 5A,2015-03-22,1515,1618
206,Ten 5A,2015-03-22,1515,1618
206,Ten 5A,2015-03-22,1515,1618
206,Ten 5A,2015-03-22,1515,1618
206,Ten 5A,2015-03-22,1515,1618
206,Ten 5A,2015-03-22,1515,1618
206,Ten 5A,2015-03-22,1515,1618
206,Ten 5A,2015-03-22,1515,1618
206,Ten 5A,2015-03-22,1515,1618
206,Ten 5A,2015-03-22,1515,1618
206,Ten 5A,2015-03-22,1515,1618
206,Ten 5A,2015-03-22,1515,1618
206,Ten 5A,2015-03-22,1515,1618
206,Ten 5A,2015-03-22,1515,1618
206,Ten 5A,2015-03-22,1515,1618
206,Ten 5A,2015-03-22,1515,1618
207,Conch 3A,2015-03-23,1340,1430
207,Conch 3A,2015-03-23,1340,1430
207,Conch 3A,2015-03-23,1340,1430
207,Conch 3A,2015-03-23,1340,1430
207,Conch 3A,2015-03-23,1340,1430
207,Conch 3A,2015-03-23,1340,1430
207,Conch 3A,2015-03-23,1340,1430
207,Conch 3A,2015-03-23,1340,1430
207,Conch 3A,2015-03-23,1340,1430
207,Conch 3A,2015-03-23,1340,1430
207,Conch 3A,2015-03-23,1340,1430
207,Conch 3A,2015-03-23,1340,1430
207,Conch 3A,2015-03-23,1340,1430
207,Conch 3A,2015-03-23,1340,1430
207,Conch 3A,2015-03-23,1340,1430
207,Conch 3A,2015-03-23,1340,1430
207,Conch 3A,2015-03-23,1340,1430
207,Conch 3A,2015-03-23,1340,1430
207,Conch 3A,2015-03-23,1340,1430
207,Conch 3A,2015-03-23,1340,1430
207,Conch 3A,2015-03-23,1340,1430
207,Conch 3A,2015-03-23,1340,1430
207,Conch 3A,2015-03-23,1340,1430
207,Conch 3A,2015-03-23,1340,1430
207,Conch 3A,2015-03-23,1340,1430
207,Conch 3A,2015-03-23,1340,1430
207,Conch 3A,2015-03-23,1340,1430
207,Conch 3A,2015-03-23,1340,1430
207,Conch 3A,2015-03-23,1340,1430
207,Conch 3A,2015-03-23,1340,1430
207,Conch 3A,2015-03-23,1340,1430
207,Conch 3A,2015-03-23,1340,1430
207,Conch 3A,2015-03-23,1340,1430
208,Conch 4B,2015-03-23,1144,1225
208,Conch 4B,2015-03-23,1144,1225
208,Conch 4B,2015-03-23,1144,1225
208,Conch 4B,2015-03-23,1144,1225
208,Conch 4B,2015-03-23,1144,1225
208,Conch 4B,2015-03-23,1144,1225
208,Conch 4B,2015-03-23,1144,1225
208,Conch 4B,2015-03-23,1144,1225
208,Conch 4B,2015-03-23,1144,1225
208,Conch 4B,2015-03-23,1144,1225
208,Conch 4B,2015-03-23,1144,1225
208,Conch 4B,2015-03-23,1144,1225
208,Conch 4B,2015-03-23,1144,1225
208,Conch 4B,2015-03-23,1144,1225
208,Conch 4B,2015-03-23,1144,1225
208,Conch 4B,2015-03-23,1144,1225
208,Conch 4B,2015-03-23,1144,1225
208,Conch 4B,2015-03-23,1144,1225
208,Conch 4B,2015-03-23,1144,1225
208,Conch 4B,2015-03-23,1144,1225
208,Conch 4B,2015-03-23,1144,1225
209,Conch 6A,2015-03-23,954,1040
209,Conch 6A,2015-03-23,954,1040
209,Conch 6A,2015-03-23,954,1040
209,Conch 6A,2015-03-23,954,1040
209,Conch 6A,2015-03-23,954,1040
209,Conch 6A,2015-03-23,954,1040
209,Conch 6A,2015-03-23,954,1040
209,Conch 6A,2015-03-23,954,1040
209,Conch 6A,2015-03-23,954,1040
209,Conch 6A,2015-03-23,954,1040
209,Conch 6A,2015-03-23,954,1040
209,Conch 6A,2015-03-23,954,1040
209,Conch 6A,2015-03-23,954,1040
209,Conch 6A,2015-03-23,954,1040
209,Conch 6A,2015-03-23,954,1040
209,Conch 6A,2015-03-23,954,1040
209,Conch 6A,2015-03-23,954,1040
209,Conch 6A,2015-03-23,954,1040
209,Conch 6A,2015-03-23,954,1040
209,Conch 6A,2015-03-23,954,1040
209,Conch 6A,2015-03-23,954,1040
209,Conch 6A,2015-03-23,954,1040
209,Conch 6A,2015-03-23,954,1040
209,Conch 6A,2015-03-23,954,1040
209,Conch 6A,2015-03-23,954,1040
209,Conch 6A,2015-03-23,954,1040
209,Conch 6A,2015-03-23,954,1040
209,Conch 6A,2015-03-23,954,1040
210,KL-P2,2015-03-23,1534,1605
210,KL-P2,2015-03-23,1534,1605
210,KL-P2,2015-03-23,1534,1605
210,KL-P2,2015-03-23,1534,1605
210,KL-P2,2015-03-23,1534,1605
210,KL-P2,2015-03-23,1534,1605
210,KL-P2,2015-03-23,1534,1605
210,KL-P2,2015-03-23,1534,1605
210,KL-P2,2015-03-23,1534,1605
210,KL-P2,2015-03-23,1534,1605
210,KL-P2,2015-03-23,1534,1605
210,KL-P2,2015-03-23,1534,1605
210,KL-P2,2015-03-23,1534,1605
210,KL-P2,2015-03-23,1534,1605
210,KL-P2,2015-03-23,1534,1605
210,KL-P2,2015-03-23,1534,1605
210,KL-P2,2015-03-23,1534,1605
210,KL-P2,2015-03-23,1534,1605
210,KL-P2,2015-03-23,1534,1605
210,KL-P2,2015-03-23,1534,1605
211,DANGER 88,2015-03-24,1722,1741
211,DANGER 88,2015-03-24,1722,1741
211,DANGER 88,2015-03-24,1722,1741
211,DANGER 88,2015-03-24,1722,1741
211,DANGER 88,2015-03-24,1722,1741
211,DANGER 88,2015-03-24,1722,1741
211,DANGER 88,2015-03-24,1722,1741
211,DANGER 88,2015-03-24,1722,1741
211,DANGER 88,2015-03-24,1722,1741
211,DANGER 88,2015-03-24,1722,1741
211,DANGER 88,2015-03-24,1722,1741
211,DANGER 88,2015-03-24,1722,1741
211,DANGER 88,2015-03-24,1722,1741
211,DANGER 88,2015-03-24,1722,1741
211,DANGER 88,2015-03-24,1722,1741
211,DANGER 88,2015-03-24,1722,1741
211,DANGER 88,2015-03-24,1722,1741
211,DANGER 88,2015-03-24,1722,1741
211,DANGER 88,2015-03-24,1722,1741
212,KL-P11,2015-03-24,1613,1640
212,KL-P11,2015-03-24,1613,1640
212,KL-P11,2015-03-24,1613,1640
212,KL-P11,2015-03-24,1613,1640
212,KL-P11,2015-03-24,1613,1640
212,KL-P11,2015-03-24,1613,1640
212,KL-P11,2015-03-24,1613,1640
212,KL-P11,2015-03-24,1613,1640
212,KL-P11,2015-03-24,1613,1640
212,KL-P11,2015-03-24,1613,1640
212,KL-P11,2015-03-24,1613,1640
212,KL-P11,2015-03-24,1613,1640
212,KL-P11,2015-03-24,1613,1640
212,KL-P11,2015-03-24,1613,1640
212,KL-P11,2015-03-24,1613,1640
212,KL-P11,2015-03-24,1613,1640
212,KL-P11,2015-03-24,1613,1640
213,KL-P13,2015-03-24,1455,1520
213,KL-P13,2015-03-24,1455,1520
213,KL-P13,2015-03-24,1455,1520
213,KL-P13,2015-03-24,1455,1520
213,KL-P13,2015-03-24,1455,1520
213,KL-P13,2015-03-24,1455,1520
213,KL-P13,2015-03-24,1455,1520
213,KL-P13,2015-03-24,1455,1520
213,KL-P13,2015-03-24,1455,1520
213,KL-P13,2015-03-24,1455,1520
213,KL-P13,2015-03-24,1455,1520
213,KL-P13,2015-03-24,1455,1520
213,KL-P13,2015-03-24,1455,1520
213,KL-P13,2015-03-24,1455,1520
213,KL-P13,2015-03-24,1455,1520
213,KL-P13,2015-03-24,1455,1520
213,KL-P13,2015-03-24,1455,1520
213,KL-P13,2015-03-24,1455,1520
213,KL-P13,2015-03-24,1455,1520
214,KL-P14,2015-03-24,1341,1408
214,KL-P14,2015-03-24,1341,1408
214,KL-P14,2015-03-24,1341,1408
214,KL-P14,2015-03-24,1341,1408
214,KL-P14,2015-03-24,1341,1408
214,KL-P14,2015-03-24,1341,1408
214,KL-P14,2015-03-24,1341,1408
214,KL-P14,2015-03-24,1341,1408
214,KL-P14,2015-03-24,1341,1408
214,KL-P14,2015-03-24,1341,1408
214,KL-P14,2015-03-24,1341,1408
214,KL-P14,2015-03-24,1341,1408
214,KL-P14,2015-03-24,1341,1408
214,KL-P14,2015-03-24,1341,1408
214,KL-P14,2015-03-24,1341,1408
214,KL-P14,2015-03-24,1341,1408
214,KL-P14,2015-03-24,1341,1408
214,KL-P14,2015-03-24,1341,1408
214,KL-P14,2015-03-24,1341,1408
214,KL-P14,2015-03-24,1341,1408
214,KL-P14,2015-03-24,1341,1408
214,KL-P14,2015-03-24,1341,1408
214,KL-P14,2015-03-24,1341,1408
215,KL-W12,2015-03-24,958,1045
215,KL-W12,2015-03-24,958,1045
215,KL-W12,2015-03-24,958,1045
215,KL-W12,2015-03-24,958,1045
215,KL-W12,2015-03-24,958,1045
215,KL-W12,2015-03-24,958,1045
215,KL-W12,2015-03-24,958,1045
215,KL-W12,2015-03-24,958,1045
215,KL-W12,2015-03-24,958,1045
215,KL-W12,2015-03-24,958,1045
215,KL-W12,2015-03-24,958,1045
215,KL-W12,2015-03-24,958,1045
215,KL-W12,2015-03-24,958,1045
215,KL-W12,2015-03-24,958,1045
215,KL-W12,2015-03-24,958,1045
215,KL-W12,2015-03-24,958,1045
215,KL-W12,2015-03-24,958,1045
215,KL-W12,2015-03-24,958,1045
215,KL-W12,2015-03-24,958,1045
215,KL-W12,2015-03-24,958,1045
215,KL-W12,2015-03-24,958,1045
215,KL-W12,2015-03-24,958,1045
215,KL-W12,2015-03-24,958,1045
215,KL-W12,2015-03-24,958,1045
215,KL-W12,2015-03-24,958,1045
215,KL-W12,2015-03-24,958,1045
215,KL-W12,2015-03-24,958,1045
215,KL-W12,2015-03-24,958,1045
215,KL-W12,2015-03-24,958,1045
215,KL-W12,2015-03-24,958,1045
216,KL-W13,2015-03-24,1159,1245
216,KL-W13,2015-03-24,1159,1245
216,KL-W13,2015-03-24,1159,1245
216,KL-W13,2015-03-24,1159,1245
216,KL-W13,2015-03-24,1159,1245
216,KL-W13,2015-03-24,1159,1245
216,KL-W13,2015-03-24,1159,1245
216,KL-W13,2015-03-24,1159,1245
216,KL-W13,2015-03-24,1159,1245
216,KL-W13,2015-03-24,1159,1245
216,KL-W13,2015-03-24,1159,1245
216,KL-W13,2015-03-24,1159,1245
216,KL-W13,2015-03-24,1159,1245
216,KL-W13,2015-03-24,1159,1245
216,KL-W13,2015-03-24,1159,1245
216,KL-W13,2015-03-24,1159,1245
216,KL-W13,2015-03-24,1159,1245
216,KL-W13,2015-03-24,1159,1245
216,KL-W13,2015-03-24,1159,1245
216,KL-W13,2015-03-24,1159,1245
216,KL-W13,2015-03-24,1159,1245
216,KL-W13,2015-03-24,1159,1245
216,KL-W13,2015-03-24,1159,1245
216,KL-W13,2015-03-24,1159,1245
216,KL-W13,2015-03-24,1159,1245
216,KL-W13,2015-03-24,1159,1245
216,KL-W13,2015-03-24,1159,1245
216,KL-W13,2015-03-24,1159,1245
217,KL-P5,2015-03-25,1303,1345
217,KL-P5,2015-03-25,1303,1345
217,KL-P5,2015-03-25,1303,1345
217,KL-P5,2015-03-25,1303,1345
217,KL-P5,2015-03-25,1303,1345
217,KL-P5,2015-03-25,1303,1345
217,KL-P5,2015-03-25,1303,1345
217,KL-P5,2015-03-25,1303,1345
217,KL-P5,2015-03-25,1303,1345
217,KL-P5,2015-03-25,1303,1345
217,KL-P5,2015-03-25,1303,1345
217,KL-P5,2015-03-25,1303,1345
217,KL-P5,2015-03-25,1303,1345
217,KL-P5,2015-03-25,1303,1345
217,KL-P5,2015-03-25,1303,1345
217,KL-P5,2015-03-25,1303,1345
217,KL-P5,2015-03-25,1303,1345
217,KL-P5,2015-03-25,1303,1345
217,KL-P5,2015-03-25,1303,1345
217,KL-P5,2015-03-25,1303,1345
217,KL-P5,2015-03-25,1303,1345
217,KL-P5,2015-03-25,1303,1345
217,KL-P5,2015-03-25,1303,1345
217,KL-P5,2015-03-25,1303,1345
217,KL-P5,2015-03-25,1303,1345
218,KL-P6,2015-03-25,1425,1455
218,KL-P6,2015-03-25,1425,1455
218,KL-P6,2015-03-25,1425,1455
218,KL-P6,2015-03-25,1425,1455
218,KL-P6,2015-03-25,1425,1455
218,KL-P6,2015-03-25,1425,1455
218,KL-P6,2015-03-25,1425,1455
218,KL-P6,2015-03-25,1425,1455
218,KL-P6,2015-03-25,1425,1455
218,KL-P6,2015-03-25,1425,1455
218,KL-P6,2015-03-25,1425,1455
218,KL-P6,2015-03-25,1425,1455
218,KL-P6,2015-03-25,1425,1455
218,KL-P6,2015-03-25,1425,1455
218,KL-P6,2015-03-25,1425,1455
218,KL-P6,2015-03-25,1425,1455
218,KL-P6,2015-03-25,1425,1455
218,KL-P6,2015-03-25,1425,1455
218,KL-P6,2015-03-25,1425,1455
218,KL-P6,2015-03-25,1425,1455
218,KL-P6,2015-03-25,1425,1455
218,KL-P6,2015-03-25,1425,1455
218,KL-P6,2015-03-25,1425,1455
219,KL-P7,2015-03-25,1522,1551
219,KL-P7,2015-03-25,1522,1551
219,KL-P7,2015-03-25,1522,1551
219,KL-P7,2015-03-25,1522,1551
219,KL-P7,2015-03-25,1522,1551
219,KL-P7,2015-03-25,1522,1551
219,KL-P7,2015-03-25,1522,1551
219,KL-P7,2015-03-25,1522,1551
219,KL-P7,2015-03-25,1522,1551
219,KL-P7,2015-03-25,1522,1551
219,KL-P7,2015-03-25,1522,1551
219,KL-P7,2015-03-25,1522,1551
219,KL-P7,2015-03-25,1522,1551
219,KL-P7,2015-03-25,1522,1551
219,KL-P7,2015-03-25,1522,1551
219,KL-P7,2015-03-25,1522,1551
219,KL-P7,2015-03-25,1522,1551
219,KL-P7,2015-03-25,1522,1551
219,KL-P7,2015-03-25,1522,1551
219,KL-P7,2015-03-25,1522,1551
219,KL-P7,2015-03-25,1522,1551
219,KL-P7,2015-03-25,1522,1551
219,KL-P7,2015-03-25,1522,1551
219,KL-P7,2015-03-25,1522,1551
220,KL-W11,2015-03-25,1127,1215
220,KL-W11,2015-03-25,1127,1215
220,KL-W11,2015-03-25,1127,1215
220,KL-W11,2015-03-25,1127,1215
220,KL-W11,2015-03-25,1127,1215
220,KL-W11,2015-03-25,1127,1215
220,KL-W11,2015-03-25,1127,1215
220,KL-W11,2015-03-25,1127,1215
220,KL-W11,2015-03-25,1127,1215
220,KL-W11,2015-03-25,1127,1215
220,KL-W11,2015-03-25,1127,1215
220,KL-W11,2015-03-25,1127,1215
220,KL-W11,2015-03-25,1127,1215
220,KL-W11,2015-03-25,1127,1215
220,KL-W11,2015-03-25,1127,1215
220,KL-W11,2015-03-25,1127,1215
220,KL-W11,2015-03-25,1127,1215
220,KL-W11,2015-03-25,1127,1215
220,KL-W11,2015-03-25,1127,1215
220,KL-W11,2015-03-25,1127,1215
220,KL-W11,2015-03-25,1127,1215
220,KL-W11,2015-03-25,1127,1215
220,KL-W11,2015-03-25,1127,1215
220,KL-W11,2015-03-25,1127,1215
220,KL-W11,2015-03-25,1127,1215
220,KL-W11,2015-03-25,1127,1215
220,KL-W11,2015-03-25,1127,1215
220,KL-W11,2015-03-25,1127,1215
220,KL-W11,2015-03-25,1127,1215
221,KL-W8,2015-03-25,920,1005
221,KL-W8,2015-03-25,920,1005
221,KL-W8,2015-03-25,920,1005
221,KL-W8,2015-03-25,920,1005
221,KL-W8,2015-03-25,920,1005
221,KL-W8,2015-03-25,920,1005
221,KL-W8,2015-03-25,920,1005
221,KL-W8,2015-03-25,920,1005
221,KL-W8,2015-03-25,920,1005
221,KL-W8,2015-03-25,920,1005
221,KL-W8,2015-03-25,920,1005
221,KL-W8,2015-03-25,920,1005
221,KL-W8,2015-03-25,920,1005
221,KL-W8,2015-03-25,920,1005
221,KL-W8,2015-03-25,920,1005
221,KL-W8,2015-03-25,920,1005
221,KL-W8,2015-03-25,920,1005
221,KL-W8,2015-03-25,920,1005
221,KL-W8,2015-03-25,920,1005
221,KL-W8,2015-03-25,920,1005
221,KL-W8,2015-03-25,920,1005
221,KL-W8,2015-03-25,920,1005
222,Benwood Ledge,2015-03-26,932,1022
222,Benwood Ledge,2015-03-26,932,1022
222,Benwood Ledge,2015-03-26,932,1022
222,Benwood Ledge,2015-03-26,932,1022
222,Benwood Ledge,2015-03-26,932,1022
222,Benwood Ledge,2015-03-26,932,1022
222,Benwood Ledge,2015-03-26,932,1022
222,Benwood Ledge,2015-03-26,932,1022
222,Benwood Ledge,2015-03-26,932,1022
222,Benwood Ledge,2015-03-26,932,1022
222,Benwood Ledge,2015-03-26,932,1022
222,Benwood Ledge,2015-03-26,932,1022
222,Benwood Ledge,2015-03-26,932,1022
222,Benwood Ledge,2015-03-26,932,1022
222,Benwood Ledge,2015-03-26,932,1022
222,Benwood Ledge,2015-03-26,932,1022
222,Benwood Ledge,2015-03-26,932,1022
222,Benwood Ledge,2015-03-26,932,1022
222,Benwood Ledge,2015-03-26,932,1022
222,Benwood Ledge,2015-03-26,932,1022
222,Benwood Ledge,2015-03-26,932,1022
222,Benwood Ledge,2015-03-26,932,1022
222,Benwood Ledge,2015-03-26,932,1022
222,Benwood Ledge,2015-03-26,932,1022
223,Dixie Ledge,2015-03-26,1147,1236
223,Dixie Ledge,2015-03-26,1147,1236
223,Dixie Ledge,2015-03-26,1147,1236
223,Dixie Ledge,2015-03-26,1147,1236
223,Dixie Ledge,2015-03-26,1147,1236
223,Dixie Ledge,2015-03-26,1147,1236
223,Dixie Ledge,2015-03-26,1147,1236
223,Dixie Ledge,2015-03-26,1147,1236
223,Dixie Ledge,2015-03-26,1147,1236
223,Dixie Ledge,2015-03-26,1147,1236
223,Dixie Ledge,2015-03-26,1147,1236
223,Dixie Ledge,2015-03-26,1147,1236
223,Dixie Ledge,2015-03-26,1147,1236
223,Dixie Ledge,2015-03-26,1147,1236
223,Dixie Ledge,2015-03-26,1147,1236
223,Dixie Ledge,2015-03-26,1147,1236
223,Dixie Ledge,2015-03-26,1147,1236
223,Dixie Ledge,2015-03-26,1147,1236
223,Dixie Ledge,2015-03-26,1147,1236
223,Dixie Ledge,2015-03-26,1147,1236
223,Dixie Ledge,2015-03-26,1147,1236
223,Dixie Ledge,2015-03-26,1147,1236
223,Dixie Ledge,2015-03-26,1147,1236
223,Dixie Ledge,2015-03-26,1147,1236
223,Dixie Ledge,2015-03-26,1147,1236
223,Dixie Ledge,2015-03-26,1147,1236
223,Dixie Ledge,2015-03-26,1147,1236
223,Dixie Ledge,2015-03-26,1147,1236
223,Dixie Ledge,2015-03-26,1147,1236
223,Dixie Ledge,2015-03-26,1147,1236
224,KL-30,2015-03-26,1509,1610
224,KL-30,2015-03-26,1509,1610
224,KL-30,2015-03-26,1509,1610
224,KL-30,2015-03-26,1509,1610
224,KL-30,2015-03-26,1509,1610
224,KL-30,2015-03-26,1509,1610
224,KL-30,2015-03-26,1509,1610
224,KL-30,2015-03-26,1509,1610
224,KL-30,2015-03-26,1509,1610
224,KL-30,2015-03-26,1509,1610
224,KL-30,2015-03-26,1509,1610
224,KL-30,2015-03-26,1509,1610
224,KL-30,2015-03-26,1509,1610
224,KL-30,2015-03-26,1509,1610
224,KL-30,2015-03-26,1509,1610
225,KL-P4,2015-03-26,1654,1720
225,KL-P4,2015-03-26,1654,1720
225,KL-P4,2015-03-26,1654,1720
225,KL-P4,2015-03-26,1654,1720
225,KL-P4,2015-03-26,1654,1720
225,KL-P4,2015-03-26,1654,1720
225,KL-P4,2015-03-26,1654,1720
225,KL-P4,2015-03-26,1654,1720
225,KL-P4,2015-03-26,1654,1720
225,KL-P4,2015-03-26,1654,1720
225,KL-P4,2015-03-26,1654,1720
225,KL-P4,2015-03-26,1654,1720
225,KL-P4,2015-03-26,1654,1720
225,KL-P4,2015-03-26,1654,1720
225,KL-P4,2015-03-26,1654,1720
225,KL-P4,2015-03-26,1654,1720
225,KL-P4,2015-03-26,1654,1720
225,KL-P4,2015-03-26,1654,1720
226,KL-P8,2015-03-26,1326,1407
226,KL-P8,2015-03-26,1326,1407
226,KL-P8,2015-03-26,1326,1407
226,KL-P8,2015-03-26,1326,1407
226,KL-P8,2015-03-26,1326,1407
226,KL-P8,2015-03-26,1326,1407
226,KL-P8,2015-03-26,1326,1407
226,KL-P8,2015-03-26,1326,1407
226,KL-P8,2015-03-26,1326,1407
226,KL-P8,2015-03-26,1326,1407
226,KL-P8,2015-03-26,1326,1407
226,KL-P8,2015-03-26,1326,1407
226,KL-P8,2015-03-26,1326,1407
226,KL-P8,2015-03-26,1326,1407
226,KL-P8,2015-03-26,1326,1407
226,KL-P8,2015-03-26,1326,1407
227,Benwood Ledge,2015-10-22,,
227,Benwood Ledge,2015-10-22,,
227,Benwood Ledge,2015-10-22,,
227,Benwood Ledge,2015-10-22,,
227,Benwood Ledge,2015-10-22,,
227,Benwood Ledge,2015-10-22,,
227,Benwood Ledge,2015-10-22,,
227,Benwood Ledge,2015-10-22,,
227,Benwood Ledge,2015-10-22,,
227,Benwood Ledge,2015-10-22,,
227,Benwood Ledge,2015-10-22,,
227,Benwood Ledge,2015-10-22,,
227,Benwood Ledge,2015-10-22,,
227,Benwood Ledge,2015-10-22,,
227,Benwood Ledge,2015-10-22,,
227,Benwood Ledge,2015-10-22,,
227,Benwood Ledge,2015-10-22,,
227,Benwood Ledge,2015-10-22,,
227,Benwood Ledge,2015-10-22,,
227,Benwood Ledge,2015-10-22,,
227,Benwood Ledge,2015-10-22,,
227,Benwood Ledge,2015-10-22,,
227,Benwood Ledge,2015-10-22,,
227,Benwood Ledge,2015-10-22,,
227,Benwood Ledge,2015-10-22,,
227,Benwood Ledge,2015-10-22,,
227,Benwood Ledge,2015-10-22,,
227,Benwood Ledge,2015-10-22,,
227,Benwood Ledge,2015-10-22,,
227,Benwood Ledge,2015-10-22,,
227,Benwood Ledge,2015-10-22,,
227,Benwood Ledge,2015-10-22,,
227,Benwood Ledge,2015-10-22,,
227,Benwood Ledge,2015-10-22,,
227,Benwood Ledge,2015-10-22,,
228,KL-W2,2015-10-22,,
228,KL-W2,2015-10-22,,
228,KL-W2,2015-10-22,,
228,KL-W2,2015-10-22,,
228,KL-W2,2015-10-22,,
228,KL-W2,2015-10-22,,
228,KL-W2,2015-10-22,,
228,KL-W2,2015-10-22,,
228,KL-W2,2015-10-22,,
228,KL-W2,2015-10-22,,
228,KL-W2,2015-10-22,,
228,KL-W2,2015-10-22,,
228,KL-W2,2015-10-22,,
228,KL-W2,2015-10-22,,
228,KL-W2,2015-10-22,,
228,KL-W2,2015-10-22,,
228,KL-W2,2015-10-22,,
228,KL-W2,2015-10-22,,
228,KL-W2,2015-10-22,,
229,Dixie Ledge,2015-10-23,,
229,Dixie Ledge,2015-10-23,,
229,Dixie Ledge,2015-10-23,,
229,Dixie Ledge,2015-10-23,,
229,Dixie Ledge,2015-10-23,,
229,Dixie Ledge,2015-10-23,,
229,Dixie Ledge,2015-10-23,,
229,Dixie Ledge,2015-10-23,,
229,Dixie Ledge,2015-10-23,,
229,Dixie Ledge,2015-10-23,,
229,Dixie Ledge,2015-10-23,,
229,Dixie Ledge,2015-10-23,,
229,Dixie Ledge,2015-10-23,,
229,Dixie Ledge,2015-10-23,,
229,Dixie Ledge,2015-10-23,,
229,Dixie Ledge,2015-10-23,,
229,Dixie Ledge,2015-10-23,,
229,Dixie Ledge,2015-10-23,,
229,Dixie Ledge,2015-10-23,,
229,Dixie Ledge,2015-10-23,,
229,Dixie Ledge,2015-10-23,,
229,Dixie Ledge,2015-10-23,,
229,Dixie Ledge,2015-10-23,,
229,Dixie Ledge,2015-10-23,,
229,Dixie Ledge,2015-10-23,,
230,KL-W7,2015-10-23,,
230,KL-W7,2015-10-23,,
230,KL-W7,2015-10-23,,
230,KL-W7,2015-10-23,,
230,KL-W7,2015-10-23,,
230,KL-W7,2015-10-23,,
230,KL-W7,2015-10-23,,
230,KL-W7,2015-10-23,,
230,KL-W7,2015-10-23,,
230,KL-W7,2015-10-23,,
230,KL-W7,2015-10-23,,
230,KL-W7,2015-10-23,,
230,KL-W7,2015-10-23,,
230,KL-W7,2015-10-23,,
230,KL-W7,2015-10-23,,
230,KL-W7,2015-10-23,,
230,KL-W7,2015-10-23,,
230,KL-W7,2015-10-23,,
230,KL-W7,2015-10-23,,
230,KL-W7,2015-10-23,,
230,KL-W7,2015-10-23,,
230,KL-W7,2015-10-23,,
230,KL-W7,2015-10-23,,
230,KL-W7,2015-10-23,,
230,KL-W7,2015-10-23,,
230,KL-W7,2015-10-23,,
231,KL-W8,2015-10-23,,
231,KL-W8,2015-10-23,,
231,KL-W8,2015-10-23,,
231,KL-W8,2015-10-23,,
231,KL-W8,2015-10-23,,
231,KL-W8,2015-10-23,,
231,KL-W8,2015-10-23,,
231,KL-W8,2015-10-23,,
231,KL-W8,2015-10-23,,
231,KL-W8,2015-10-23,,
231,KL-W8,2015-10-23,,
231,KL-W8,2015-10-23,,
231,KL-W8,2015-10-23,,
231,KL-W8,2015-10-23,,
231,KL-W8,2015-10-23,,
231,KL-W8,2015-10-23,,
231,KL-W8,2015-10-23,,
231,KL-W8,2015-10-23,,
231,KL-W8,2015-10-23,,
232,BISC-W12,2015-10-24,,
232,BISC-W12,2015-10-24,,
232,BISC-W12,2015-10-24,,
232,BISC-W12,2015-10-24,,
232,BISC-W12,2015-10-24,,
232,BISC-W12,2015-10-24,,
232,BISC-W12,2015-10-24,,
232,BISC-W12,2015-10-24,,
232,BISC-W12,2015-10-24,,
232,BISC-W12,2015-10-24,,
232,BISC-W12,2015-10-24,,
232,BISC-W12,2015-10-24,,
232,BISC-W12,2015-10-24,,
232,BISC-W12,2015-10-24,,
232,BISC-W12,2015-10-24,,
232,BISC-W12,2015-10-24,,
232,BISC-W12,2015-10-24,,
232,BISC-W12,2015-10-24,,
232,BISC-W12,2015-10-24,,
232,BISC-W12,2015-10-24,,
232,BISC-W12,2015-10-24,,
232,BISC-W12,2015-10-24,,
232,BISC-W12,2015-10-24,,
232,BISC-W12,2015-10-24,,
232,BISC-W12,2015-10-24,,
233,KL-W11,2015-10-24,,
233,KL-W11,2015-10-24,,
233,KL-W11,2015-10-24,,
233,KL-W11,2015-10-24,,
233,KL-W11,2015-10-24,,
233,KL-W11,2015-10-24,,
233,KL-W11,2015-10-24,,
233,KL-W11,2015-10-24,,
233,KL-W11,2015-10-24,,
233,KL-W11,2015-10-24,,
233,KL-W11,2015-10-24,,
233,KL-W11,2015-10-24,,
233,KL-W11,2015-10-24,,
233,KL-W11,2015-10-24,,
233,KL-W11,2015-10-24,,
233,KL-W11,2015-10-24,,
233,KL-W11,2015-10-24,,
233,KL-W11,2015-10-24,,
233,KL-W11,2015-10-24,,
233,KL-W11,2015-10-24,,
233,KL-W11,2015-10-24,,
233,KL-W11,2015-10-24,,
233,KL-W11,2015-10-24,,
234,KL-W12,2015-10-24,,
234,KL-W12,2015-10-24,,
234,KL-W12,2015-10-24,,
234,KL-W12,2015-10-24,,
234,KL-W12,2015-10-24,,
234,KL-W12,2015-10-24,,
234,KL-W12,2015-10-24,,
234,KL-W12,2015-10-24,,
234,KL-W12,2015-10-24,,
234,KL-W12,2015-10-24,,
234,KL-W12,2015-10-24,,
234,KL-W12,2015-10-24,,
234,KL-W12,2015-10-24,,
234,KL-W12,2015-10-24,,
234,KL-W12,2015-10-24,,
234,KL-W12,2015-10-24,,
234,KL-W12,2015-10-24,,
234,KL-W12,2015-10-24,,
234,KL-W12,2015-10-24,,
234,KL-W12,2015-10-24,,
234,KL-W12,2015-10-24,,
234,KL-W12,2015-10-24,,
234,KL-W12,2015-10-24,,
234,KL-W12,2015-10-24,,
234,KL-W12,2015-10-24,,
235,KL-W13,2015-10-24,,
235,KL-W13,2015-10-24,,
235,KL-W13,2015-10-24,,
235,KL-W13,2015-10-24,,
235,KL-W13,2015-10-24,,
235,KL-W13,2015-10-24,,
235,KL-W13,2015-10-24,,
235,KL-W13,2015-10-24,,
235,KL-W13,2015-10-24,,
235,KL-W13,2015-10-24,,
235,KL-W13,2015-10-24,,
235,KL-W13,2015-10-24,,
235,KL-W13,2015-10-24,,
235,KL-W13,2015-10-24,,
235,KL-W13,2015-10-24,,
235,KL-W13,2015-10-24,,
235,KL-W13,2015-10-24,,
235,KL-W13,2015-10-24,,
235,KL-W13,2015-10-24,,
235,KL-W13,2015-10-24,,
235,KL-W13,2015-10-24,,
235,KL-W13,2015-10-24,,
235,KL-W13,2015-10-24,,
235,KL-W13,2015-10-24,,
236,Conch 3A,2015-10-25,,
236,Conch 3A,2015-10-25,,
236,Conch 3A,2015-10-25,,
236,Conch 3A,2015-10-25,,
236,Conch 3A,2015-10-25,,
236,Conch 3A,2015-10-25,,
236,Conch 3A,2015-10-25,,
236,Conch 3A,2015-10-25,,
236,Conch 3A,2015-10-25,,
236,Conch 3A,2015-10-25,,
236,Conch 3A,2015-10-25,,
236,Conch 3A,2015-10-25,,
236,Conch 3A,2015-10-25,,
236,Conch 3A,2015-10-25,,
236,Conch 3A,2015-10-25,,
236,Conch 3A,2015-10-25,,
236,Conch 3A,2015-10-25,,
236,Conch 3A,2015-10-25,,
236,Conch 3A,2015-10-25,,
236,Conch 3A,2015-10-25,,
236,Conch 3A,2015-10-25,,
236,Conch 3A,2015-10-25,,
236,Conch 3A,2015-10-25,,
236,Conch 3A,2015-10-25,,
236,Conch 3A,2015-10-25,,
236,Conch 3A,2015-10-25,,
236,Conch 3A,2015-10-25,,
236,Conch 3A,2015-10-25,,
236,Conch 3A,2015-10-25,,
237,Conch 6A,2015-10-25,,
237,Conch 6A,2015-10-25,,
237,Conch 6A,2015-10-25,,
237,Conch 6A,2015-10-25,,
237,Conch 6A,2015-10-25,,
237,Conch 6A,2015-10-25,,
237,Conch 6A,2015-10-25,,
237,Conch 6A,2015-10-25,,
237,Conch 6A,2015-10-25,,
237,Conch 6A,2015-10-25,,
237,Conch 6A,2015-10-25,,
237,Conch 6A,2015-10-25,,
237,Conch 6A,2015-10-25,,
237,Conch 6A,2015-10-25,,
237,Conch 6A,2015-10-25,,
237,Conch 6A,2015-10-25,,
237,Conch 6A,2015-10-25,,
237,Conch 6A,2015-10-25,,
237,Conch 6A,2015-10-25,,
237,Conch 6A,2015-10-25,,
237,Conch 6A,2015-10-25,,
237,Conch 6A,2015-10-25,,
237,Conch 6A,2015-10-25,,
237,Conch 6A,2015-10-25,,
237,Conch 6A,2015-10-25,,
238,BISC-W30a,2015-10-26,,
238,BISC-W30a,2015-10-26,,
238,BISC-W30a,2015-10-26,,
238,BISC-W30a,2015-10-26,,
238,BISC-W30a,2015-10-26,,
238,BISC-W30a,2015-10-26,,
238,BISC-W30a,2015-10-26,,
238,BISC-W30a,2015-10-26,,
238,BISC-W30a,2015-10-26,,
238,BISC-W30a,2015-10-26,,
238,BISC-W30a,2015-10-26,,
238,BISC-W30a,2015-10-26,,
238,BISC-W30a,2015-10-26,,
238,BISC-W30a,2015-10-26,,
238,BISC-W30a,2015-10-26,,
238,BISC-W30a,2015-10-26,,
238,BISC-W30a,2015-10-26,,
238,BISC-W30a,2015-10-26,,
238,BISC-W30a,2015-10-26,,
240,BISC-W60-6d,2015-10-26,,
240,BISC-W60-6d,2015-10-26,,
240,BISC-W60-6d,2015-10-26,,
240,BISC-W60-6d,2015-10-26,,
240,BISC-W60-6d,2015-10-26,,
240,BISC-W60-6d,2015-10-26,,
240,BISC-W60-6d,2015-10-26,,
240,BISC-W60-6d,2015-10-26,,
240,BISC-W60-6d,2015-10-26,,
240,BISC-W60-6d,2015-10-26,,
240,BISC-W60-6d,2015-10-26,,
240,BISC-W60-6d,2015-10-26,,
240,BISC-W60-6d,2015-10-26,,
240,BISC-W60-6d,2015-10-26,,
240,BISC-W60-6d,2015-10-26,,
240,BISC-W60-6d,2015-10-26,,
240,BISC-W60-6d,2015-10-26,,
240,BISC-W60-6d,2015-10-26,,
240,BISC-W60-6d,2015-10-26,,
240,BISC-W60-6d,2015-10-26,,
242,BISC-W13,2015-10-27,,
242,BISC-W13,2015-10-27,,
242,BISC-W13,2015-10-27,,
242,BISC-W13,2015-10-27,,
242,BISC-W13,2015-10-27,,
242,BISC-W13,2015-10-27,,
242,BISC-W13,2015-10-27,,
242,BISC-W13,2015-10-27,,
242,BISC-W13,2015-10-27,,
242,BISC-W13,2015-10-27,,
242,BISC-W13,2015-10-27,,
242,BISC-W13,2015-10-27,,
242,BISC-W13,2015-10-27,,
242,BISC-W13,2015-10-27,,
242,BISC-W13,2015-10-27,,
242,BISC-W13,2015-10-27,,
242,BISC-W13,2015-10-27,,
242,BISC-W13,2015-10-27,,
242,BISC-W13,2015-10-27,,
242,BISC-W13,2015-10-27,,
242,BISC-W13,2015-10-27,,
242,BISC-W13,2015-10-27,,
242,BISC-W13,2015-10-27,,
242,BISC-W13,2015-10-27,,
242,BISC-W13,2015-10-27,,
242,BISC-W13,2015-10-27,,
242,BISC-W13,2015-10-27,,
242,BISC-W13,2015-10-27,,
243,BISC-W60-11c,2015-10-27,,
243,BISC-W60-11c,2015-10-27,,
243,BISC-W60-11c,2015-10-27,,
243,BISC-W60-11c,2015-10-27,,
243,BISC-W60-11c,2015-10-27,,
243,BISC-W60-11c,2015-10-27,,
243,BISC-W60-11c,2015-10-27,,
243,BISC-W60-11c,2015-10-27,,
243,BISC-W60-11c,2015-10-27,,
243,BISC-W60-11c,2015-10-27,,
243,BISC-W60-11c,2015-10-27,,
243,BISC-W60-11c,2015-10-27,,
243,BISC-W60-11c,2015-10-27,,
243,BISC-W60-11c,2015-10-27,,
243,BISC-W60-11c,2015-10-27,,
243,BISC-W60-11c,2015-10-27,,
243,BISC-W60-11c,2015-10-27,,
243,BISC-W60-11c,2015-10-27,,
243,BISC-W60-11c,2015-10-27,,
243,BISC-W60-11c,2015-10-27,,
243,BISC-W60-11c,2015-10-27,,
243,BISC-W60-11c,2015-10-27,,
243,BISC-W60-11c,2015-10-27,,
243,BISC-W60-11c,2015-10-27,,
243,BISC-W60-11c,2015-10-27,,
243,BISC-W60-11c,2015-10-27,,
243,BISC-W60-11c,2015-10-27,,
243,BISC-W60-11c,2015-10-27,,
243,BISC-W60-11c,2015-10-27,,
244,BISC-W60-4b,2015-10-27,,
244,BISC-W60-4b,2015-10-27,,
244,BISC-W60-4b,2015-10-27,,
244,BISC-W60-4b,2015-10-27,,
244,BISC-W60-4b,2015-10-27,,
244,BISC-W60-4b,2015-10-27,,
244,BISC-W60-4b,2015-10-27,,
244,BISC-W60-4b,2015-10-27,,
244,BISC-W60-4b,2015-10-27,,
244,BISC-W60-4b,2015-10-27,,
244,BISC-W60-4b,2015-10-27,,
244,BISC-W60-4b,2015-10-27,,
244,BISC-W60-4b,2015-10-27,,
244,BISC-W60-4b,2015-10-27,,
244,BISC-W60-4b,2015-10-27,,
244,BISC-W60-4b,2015-10-27,,
244,BISC-W60-4b,2015-10-27,,
244,BISC-W60-4b,2015-10-27,,
244,BISC-W60-4b,2015-10-27,,
244,BISC-W60-4b,2015-10-27,,
244,BISC-W60-4b,2015-10-27,,
244,BISC-W60-4b,2015-10-27,,
244,BISC-W60-4b,2015-10-27,,
244,BISC-W60-4b,2015-10-27,,
244,BISC-W60-4b,2015-10-27,,
244,BISC-W60-4b,2015-10-27,,
244,BISC-W60-4b,2015-10-27,,
245,Conch 4B,2015-10-28,,
245,Conch 4B,2015-10-28,,
245,Conch 4B,2015-10-28,,
245,Conch 4B,2015-10-28,,
245,Conch 4B,2015-10-28,,
245,Conch 4B,2015-10-28,,
245,Conch 4B,2015-10-28,,
245,Conch 4B,2015-10-28,,
245,Conch 4B,2015-10-28,,
245,Conch 4B,2015-10-28,,
245,Conch 4B,2015-10-28,,
245,Conch 4B,2015-10-28,,
245,Conch 4B,2015-10-28,,
245,Conch 4B,2015-10-28,,
245,Conch 4B,2015-10-28,,
245,Conch 4B,2015-10-28,,
245,Conch 4B,2015-10-28,,
245,Conch 4B,2015-10-28,,
245,Conch 4B,2015-10-28,,
245,Conch 4B,2015-10-28,,
245,Conch 4B,2015-10-28,,
245,Conch 4B,2015-10-28,,
245,Conch 4B,2015-10-28,,
245,Conch 4B,2015-10-28,,
245,Conch 4B,2015-10-28,,
245,Conch 4B,2015-10-28,,
245,Conch 4B,2015-10-28,,
245,Conch 4B,2015-10-28,,
245,Conch 4B,2015-10-28,,
246,DANGER 88,2015-10-30,,
246,DANGER 88,2015-10-30,,
246,DANGER 88,2015-10-30,,
246,DANGER 88,2015-10-30,,
246,DANGER 88,2015-10-30,,
246,DANGER 88,2015-10-30,,
246,DANGER 88,2015-10-30,,
246,DANGER 88,2015-10-30,,
246,DANGER 88,2015-10-30,,
246,DANGER 88,2015-10-30,,
246,DANGER 88,2015-10-30,,
246,DANGER 88,2015-10-30,,
246,DANGER 88,2015-10-30,,
246,DANGER 88,2015-10-30,,
246,DANGER 88,2015-10-30,,
246,DANGER 88,2015-10-30,,
246,DANGER 88,2015-10-30,,
247,KL-P2,2015-10-30,,
247,KL-P2,2015-10-30,,
247,KL-P2,2015-10-30,,
247,KL-P2,2015-10-30,,
247,KL-P2,2015-10-30,,
247,KL-P2,2015-10-30,,
247,KL-P2,2015-10-30,,
247,KL-P2,2015-10-30,,
247,KL-P2,2015-10-30,,
247,KL-P2,2015-10-30,,
247,KL-P2,2015-10-30,,
247,KL-P2,2015-10-30,,
247,KL-P2,2015-10-30,,
247,KL-P2,2015-10-30,,
247,KL-P2,2015-10-30,,
247,KL-P2,2015-10-30,,
247,KL-P2,2015-10-30,,
247,KL-P2,2015-10-30,,
247,KL-P2,2015-10-30,,
248,KL-P4,2015-10-30,,
248,KL-P4,2015-10-30,,
248,KL-P4,2015-10-30,,
248,KL-P4,2015-10-30,,
248,KL-P4,2015-10-30,,
248,KL-P4,2015-10-30,,
248,KL-P4,2015-10-30,,
248,KL-P4,2015-10-30,,
248,KL-P4,2015-10-30,,
248,KL-P4,2015-10-30,,
248,KL-P4,2015-10-30,,
248,KL-P4,2015-10-30,,
248,KL-P4,2015-10-30,,
248,KL-P4,2015-10-30,,
248,KL-P4,2015-10-30,,
248,KL-P4,2015-10-30,,
248,KL-P4,2015-10-30,,
248,KL-P4,2015-10-30,,
248,KL-P4,2015-10-30,,
248,KL-P4,2015-10-30,,
248,KL-P4,2015-10-30,,
248,KL-P4,2015-10-30,,
248,KL-P4,2015-10-30,,
249,KL-P5,2015-10-30,,
249,KL-P5,2015-10-30,,
249,KL-P5,2015-10-30,,
249,KL-P5,2015-10-30,,
249,KL-P5,2015-10-30,,
249,KL-P5,2015-10-30,,
249,KL-P5,2015-10-30,,
249,KL-P5,2015-10-30,,
249,KL-P5,2015-10-30,,
249,KL-P5,2015-10-30,,
249,KL-P5,2015-10-30,,
249,KL-P5,2015-10-30,,
249,KL-P5,2015-10-30,,
249,KL-P5,2015-10-30,,
249,KL-P5,2015-10-30,,
249,KL-P5,2015-10-30,,
249,KL-P5,2015-10-30,,
249,KL-P5,2015-10-30,,
249,KL-P5,2015-10-30,,
250,KL-P6,2015-10-30,,
250,KL-P6,2015-10-30,,
250,KL-P6,2015-10-30,,
250,KL-P6,2015-10-30,,
250,KL-P6,2015-10-30,,
250,KL-P6,2015-10-30,,
250,KL-P6,2015-10-30,,
250,KL-P6,2015-10-30,,
250,KL-P6,2015-10-30,,
250,KL-P6,2015-10-30,,
250,KL-P6,2015-10-30,,
250,KL-P6,2015-10-30,,
250,KL-P6,2015-10-30,,
250,KL-P6,2015-10-30,,
250,KL-P6,2015-10-30,,
250,KL-P6,2015-10-30,,
250,KL-P6,2015-10-30,,
250,KL-P6,2015-10-30,,
250,KL-P6,2015-10-30,,
250,KL-P6,2015-10-30,,
250,KL-P6,2015-10-30,,
251,KL-P7,2015-10-31,,
251,KL-P7,2015-10-31,,
251,KL-P7,2015-10-31,,
251,KL-P7,2015-10-31,,
251,KL-P7,2015-10-31,,
251,KL-P7,2015-10-31,,
251,KL-P7,2015-10-31,,
251,KL-P7,2015-10-31,,
251,KL-P7,2015-10-31,,
251,KL-P7,2015-10-31,,
251,KL-P7,2015-10-31,,
251,KL-P7,2015-10-31,,
251,KL-P7,2015-10-31,,
251,KL-P7,2015-10-31,,
251,KL-P7,2015-10-31,,
251,KL-P7,2015-10-31,,
251,KL-P7,2015-10-31,,
251,KL-P7,2015-10-31,,
251,KL-P7,2015-10-31,,
251,KL-P7,2015-10-31,,
251,KL-P7,2015-10-31,,
251,KL-P7,2015-10-31,,
251,KL-P7,2015-10-31,,
252,KL-P8,2015-10-31,,
252,KL-P8,2015-10-31,,
252,KL-P8,2015-10-31,,
252,KL-P8,2015-10-31,,
252,KL-P8,2015-10-31,,
252,KL-P8,2015-10-31,,
252,KL-P8,2015-10-31,,
252,KL-P8,2015-10-31,,
252,KL-P8,2015-10-31,,
252,KL-P8,2015-10-31,,
252,KL-P8,2015-10-31,,
252,KL-P8,2015-10-31,,
252,KL-P8,2015-10-31,,
252,KL-P8,2015-10-31,,
252,KL-P8,2015-10-31,,
252,KL-P8,2015-10-31,,
252,KL-P8,2015-10-31,,
252,KL-P8,2015-10-31,,
252,KL-P8,2015-10-31,,
252,KL-P8,2015-10-31,,
252,KL-P8,2015-10-31,,
252,KL-P8,2015-10-31,,
252,KL-P8,2015-10-31,,
252,KL-P8,2015-10-31,,
253,KL-30,2015-10-31,,
253,KL-30,2015-10-31,,
253,KL-30,2015-10-31,,
253,KL-30,2015-10-31,,
253,KL-30,2015-10-31,,
253,KL-30,2015-10-31,,
253,KL-30,2015-10-31,,
253,KL-30,2015-10-31,,
253,KL-30,2015-10-31,,
253,KL-30,2015-10-31,,
253,KL-30,2015-10-31,,
253,KL-30,2015-10-31,,
253,KL-30,2015-10-31,,
253,KL-30,2015-10-31,,
253,KL-30,2015-10-31,,
253,KL-30,2015-10-31,,
253,KL-30,2015-10-31,,
253,KL-30,2015-10-31,,
253,KL-30,2015-10-31,,
253,KL-30,2015-10-31,,
253,KL-30,2015-10-31,,
253,KL-30,2015-10-31,,
253,KL-30,2015-10-31,,
264,FKSP1,2015-12-11,,
264,FKSP1,2015-12-11,,
264,FKSP1,2015-12-11,,
264,FKSP1,2015-12-11,,
264,FKSP1,2015-12-11,,
264,FKSP1,2015-12-11,,
264,FKSP1,2015-12-11,,
264,FKSP1,2015-12-11,,
264,FKSP1,2015-12-11,,
264,FKSP1,2015-12-11,,
264,FKSP1,2015-12-11,,
264,FKSP1,2015-12-11,,
264,FKSP1,2015-12-11,,
264,FKSP1,2015-12-11,,
264,FKSP1,2015-12-11,,
264,FKSP1,2015-12-11,,
264,FKSP1,2015-12-11,,
265,Ten 2A,2015-12-11,,
265,Ten 2A,2015-12-11,,
265,Ten 2A,2015-12-11,,
265,Ten 2A,2015-12-11,,
265,Ten 2A,2015-12-11,,
265,Ten 2A,2015-12-11,,
265,Ten 2A,2015-12-11,,
265,Ten 2A,2015-12-11,,
265,Ten 2A,2015-12-11,,
265,Ten 2A,2015-12-11,,
265,Ten 2A,2015-12-11,,
265,Ten 2A,2015-12-11,,
265,Ten 2A,2015-12-11,,
265,Ten 2A,2015-12-11,,
265,Ten 2A,2015-12-11,,
265,Ten 2A,2015-12-11,,
265,Ten 2A,2015-12-11,,
265,Ten 2A,2015-12-11,,
266,Ten 3A,2015-12-11,,
266,Ten 3A,2015-12-11,,
266,Ten 3A,2015-12-11,,
266,Ten 3A,2015-12-11,,
266,Ten 3A,2015-12-11,,
266,Ten 3A,2015-12-11,,
266,Ten 3A,2015-12-11,,
266,Ten 3A,2015-12-11,,
266,Ten 3A,2015-12-11,,
266,Ten 3A,2015-12-11,,
266,Ten 3A,2015-12-11,,
266,Ten 3A,2015-12-11,,
266,Ten 3A,2015-12-11,,
266,Ten 3A,2015-12-11,,
266,Ten 3A,2015-12-11,,
266,Ten 3A,2015-12-11,,
266,Ten 3A,2015-12-11,,
266,Ten 3A,2015-12-11,,
266,Ten 3A,2015-12-11,,
266,Ten 3A,2015-12-11,,
266,Ten 3A,2015-12-11,,
266,Ten 3A,2015-12-11,,
266,Ten 3A,2015-12-11,,
266,Ten 3A,2015-12-11,,
267,Ten 5A,2015-12-11,,
267,Ten 5A,2015-12-11,,
267,Ten 5A,2015-12-11,,
267,Ten 5A,2015-12-11,,
267,Ten 5A,2015-12-11,,
267,Ten 5A,2015-12-11,,
267,Ten 5A,2015-12-11,,
267,Ten 5A,2015-12-11,,
267,Ten 5A,2015-12-11,,
267,Ten 5A,2015-12-11,,
267,Ten 5A,2015-12-11,,
267,Ten 5A,2015-12-11,,
267,Ten 5A,2015-12-11,,
267,Ten 5A,2015-12-11,,
267,Ten 5A,2015-12-11,,
267,Ten 5A,2015-12-11,,
267,Ten 5A,2015-12-11,,
267,Ten 5A,2015-12-11,,
267,Ten 5A,2015-12-11,,
267,Ten 5A,2015-12-11,,
267,Ten 5A,2015-12-11,,
267,Ten 5A,2015-12-11,,
267,Ten 5A,2015-12-11,,
267,Ten 5A,2015-12-11,,
268,BISC-P12a,2015-12-14,,
268,BISC-P12a,2015-12-14,,
268,BISC-P12a,2015-12-14,,
268,BISC-P12a,2015-12-14,,
268,BISC-P12a,2015-12-14,,
268,BISC-P12a,2015-12-14,,
268,BISC-P12a,2015-12-14,,
268,BISC-P12a,2015-12-14,,
268,BISC-P12a,2015-12-14,,
268,BISC-P12a,2015-12-14,,
268,BISC-P12a,2015-12-14,,
268,BISC-P12a,2015-12-14,,
268,BISC-P12a,2015-12-14,,
268,BISC-P12a,2015-12-14,,
268,BISC-P12a,2015-12-14,,
268,BISC-P12a,2015-12-14,,
269,BISC-P13a,2015-12-15,,
269,BISC-P13a,2015-12-15,,
269,BISC-P13a,2015-12-15,,
269,BISC-P13a,2015-12-15,,
269,BISC-P13a,2015-12-15,,
269,BISC-P13a,2015-12-15,,
269,BISC-P13a,2015-12-15,,
269,BISC-P13a,2015-12-15,,
269,BISC-P13a,2015-12-15,,
269,BISC-P13a,2015-12-15,,
269,BISC-P13a,2015-12-15,,
269,BISC-P13a,2015-12-15,,
269,BISC-P13a,2015-12-15,,
269,BISC-P13a,2015-12-15,,
269,BISC-P13a,2015-12-15,,
269,BISC-P13a,2015-12-15,,
269,BISC-P13a,2015-12-15,,
270,BISC-P14a,2015-12-15,,
270,BISC-P14a,2015-12-15,,
270,BISC-P14a,2015-12-15,,
270,BISC-P14a,2015-12-15,,
270,BISC-P14a,2015-12-15,,
270,BISC-P14a,2015-12-15,,
270,BISC-P14a,2015-12-15,,
270,BISC-P14a,2015-12-15,,
270,BISC-P14a,2015-12-15,,
271,BISC-P15a,2015-12-15,,
271,BISC-P15a,2015-12-15,,
271,BISC-P15a,2015-12-15,,
271,BISC-P15a,2015-12-15,,
271,BISC-P15a,2015-12-15,,
271,BISC-P15a,2015-12-15,,
271,BISC-P15a,2015-12-15,,
271,BISC-P15a,2015-12-15,,
271,BISC-P15a,2015-12-15,,
271,BISC-P15a,2015-12-15,,
271,BISC-P15a,2015-12-15,,
271,BISC-P15a,2015-12-15,,
271,BISC-P15a,2015-12-15,,
271,BISC-P15a,2015-12-15,,
272,KL-P11,2015-12-15,,
272,KL-P11,2015-12-15,,
272,KL-P11,2015-12-15,,
272,KL-P11,2015-12-15,,
272,KL-P11,2015-12-15,,
272,KL-P11,2015-12-15,,
272,KL-P11,2015-12-15,,
272,KL-P11,2015-12-15,,
272,KL-P11,2015-12-15,,
272,KL-P11,2015-12-15,,
272,KL-P11,2015-12-15,,
272,KL-P11,2015-12-15,,
272,KL-P11,2015-12-15,,
272,KL-P11,2015-12-15,,
272,KL-P11,2015-12-15,,
272,KL-P11,2015-12-15,,
273,KL-P13,2015-12-15,,
273,KL-P13,2015-12-15,,
273,KL-P13,2015-12-15,,
273,KL-P13,2015-12-15,,
273,KL-P13,2015-12-15,,
273,KL-P13,2015-12-15,,
273,KL-P13,2015-12-15,,
273,KL-P13,2015-12-15,,
273,KL-P13,2015-12-15,,
273,KL-P13,2015-12-15,,
273,KL-P13,2015-12-15,,
273,KL-P13,2015-12-15,,
274,KL-P14,2015-12-15,,
274,KL-P14,2015-12-15,,
274,KL-P14,2015-12-15,,
274,KL-P14,2015-12-15,,
274,KL-P14,2015-12-15,,
274,KL-P14,2015-12-15,,
274,KL-P14,2015-12-15,,
274,KL-P14,2015-12-15,,
274,KL-P14,2015-12-15,,
274,KL-P14,2015-12-15,,
274,KL-P14,2015-12-15,,
274,KL-P14,2015-12-15,,
274,KL-P14,2015-12-15,,
274,KL-P14,2015-12-15,,
274,KL-P14,2015-12-15,,
274,KL-P14,2015-12-15,,
274,KL-P14,2015-12-15,,
#N/A,Sheet2,2014-09-29,1636,
#N/A,Sheet2,2014-09-29,1636,
#N/A,Sheet2,2014-09-29,1636,
#N/A,Sheet2,2014-09-29,1636,
#N/A,Sheet2,2014-09-29,1636,
#N/A,Sheet2,2014-09-29,1636,
#N/A,Sheet2,2014-09-29,1636,
#N/A,Sheet2,2014-09-29,1636,
#N/A,Sheet2,2014-09-29,1636,
#N/A,Sheet2,2014-09-29,1636,
#N/A,Sheet2,2014-09-29,1636,
#N/A,Sheet2,2014-09-29,1636,
#N/A,Sheet2,2014-09-29,1636,
#N/A,Sheet2,2014-09-29,1636,
#N/A,Sheet2,2014-09-29,1636,
#N/A,Sheet2,2014-09-29,1636,
#N/A,Sheet2,2014-09-29,1636,
,,,,
,,,,